#group,false,false,true,true,false,false,true,true,true
#datatype,string,long,dateTime:RFC3339,dateTime:RFC3339,dateTime:RFC3339,double,string,string,string
#default,_result,,,,,,,,
,result,table,_start,_stop,_time,_value,_field,_measurement,device
,,0,2026-09-20T10:03:29.614547797Z,2026-09-20T10:33:29.614547797Z,2026-09-20T10:03:31Z,280,brightness,environment,oxocard01
,,0,2026-09-20T10:03:29.614547797Z,2026-09-20T10:33:29.614547797Z,2026-09-20T10:03:36Z,280,brightness,environment,oxocard01
,,0,2026-09-20T10:03:29.614547797Z,2026-09-20T10:33:29.614547797Z,2026-09-20T10:03:41Z,280,brightness,environment,oxocard01
,,0,2026-09-20T10:03:29.614547797Z,2026-09-20T10:33:29.614547797Z,2026-09-20T10:03:46Z,280,brightness,environment,oxocard01
,,0,2026-09-20T10:03:29.614547797Z,2026-09-20T10:33:29.614547797Z,2026-09-20T10:03:51Z,280,brightness,environment,oxocard01
,,0,2026-09-20T10:03:29.614547797Z,2026-09-20T10:33:29.614547797Z,2026-09-20T10:03:56Z,280,brightness,environment,oxocard01
,,0,2026-09-20T10:03:29.614547797Z,2026-09-20T10:33:29.614547797Z,2026-09-20T10:04:01Z,280,brightness,environment,oxocard01
,,0,2026-09-20T10:03:29.614547797Z,2026-09-20T10:33:29.614547797Z,2026-09-20T10:04:06Z,280,brightness,environment,oxocard01
,,0,2026-09-20T10:03:29.614547797Z,2026-09-20T10:33:29.614547797Z,2026-09-20T10:04:11Z,280,brightness,environment,oxocard01
,,0,2026-09-20T10:03:29.614547797Z,2026-09-20T10:33:29.614547797Z,2026-09-20T10:04:16Z,280,brightness,environment,oxocard01
,,0,2026-09-20T10:03:29.614547797Z,2026-09-20T10:33:29.614547797Z,2026-09-20T10:04:21Z,281,brightness,environment,oxocard01
,,0,2026-09-20T10:03:29.614547797Z,2026-09-20T10:33:29.614547797Z,2026-09-20T10:04:26Z,280,brightness,environment,oxocard01
,,0,2026-09-20T10:03:29.614547797Z,2026-09-20T10:33:29.614547797Z,2026-09-20T10:04:31Z,280,brightness,environment,oxocard01
,,0,2026-09-20T10:03:29.614547797Z,2026-09-20T10:33:29.614547797Z,2026-09-20T10:04:36Z,280,brightness,environment,oxocard01
,,0,2026-09-20T10:03:29.614547797Z,2026-09-20T10:33:29.614547797Z,2026-09-20T10:04:41Z,281,brightness,environment,oxocard01
,,0,2026-09-20T10:03:29.614547797Z,2026-09-20T10:33:29.614547797Z,2026-09-20T10:04:46Z,280,brightness,environment,oxocard01
,,0,2026-09-20T10:03:29.614547797Z,2026-09-20T10:33:29.614547797Z,2026-09-20T10:04:51Z,280,brightness,environment,oxocard01
,,0,2026-09-20T10:03:29.614547797Z,2026-09-20T10:33:29.614547797Z,2026-09-20T10:04:56Z,280,brightness,environment,oxocard01
,,0,2026-09-20T10:03:29.614547797Z,2026-09-20T10:33:29.614547797Z,2026-09-20T10:05:01Z,280,brightness,environment,oxocard01
,,0,2026-09-20T10:03:29.614547797Z,2026-09-20T10:33:29.614547797Z,2026-09-20T10:05:06Z,281,brightness,environment,oxocard01
,,0,2026-09-20T10:03:29.614547797Z,2026-09-20T10:33:29.614547797Z,2026-09-20T10:05:11Z,282,brightness,environment,oxocard01
,,0,2026-09-20T10:03:29.614547797Z,2026-09-20T10:33:29.614547797Z,2026-09-20T10:05:16Z,282,brightness,environment,oxocard01
,,0,2026-09-20T10:03:29.614547797Z,2026-09-20T10:33:29.614547797Z,2026-09-20T10:05:21Z,281,brightness,environment,oxocard01
,,0,2026-09-20T10:03:29.614547797Z,2026-09-20T10:33:29.614547797Z,2026-09-20T10:05:26Z,281,brightness,environment,oxocard01
,,0,2026-09-20T10:03:29.614547797Z,2026-09-20T10:33:29.614547797Z,2026-09-20T10:05:31Z,281,brightness,environment,oxocard01
,,0,2026-09-20T10:03:29.614547797Z,2026-09-20T10:33:29.614547797Z,2026-09-20T10:05:36Z,281,brightness,environment,oxocard01
,,0,2026-09-20T10:03:29.614547797Z,2026-09-20T10:33:29.614547797Z,2026-09-20T10:05:41Z,280,brightness,environment,oxocard01
,,0,2026-09-20T10:03:29.614547797Z,2026-09-20T10:33:29.614547797Z,2026-09-20T10:05:46Z,279,brightness,environment,oxocard01
,,0,2026-09-20T10:03:29.614547797Z,2026-09-20T10:33:29.614547797Z,2026-09-20T10:05:51Z,279,brightness,environment,oxocard01
,,0,2026-09-20T10:03:29.614547797Z,2026-09-20T10:33:29.614547797Z,2026-09-20T10:05:56Z,279,brightness,environment,oxocard01
,,0,2026-09-20T10:03:29.614547797Z,2026-09-20T10:33:29.614547797Z,2026-09-20T10:06:01Z,279,brightness,environment,oxocard01
,,0,2026-09-20T10:03:29.614547797Z,2026-09-20T10:33:29.614547797Z,2026-09-20T10:06:06Z,279,brightness,environment,oxocard01
,,0,2026-09-20T10:03:29.614547797Z,2026-09-20T10:33:29.614547797Z,2026-09-20T10:06:11Z,280,brightness,environment,oxocard01
,,0,2026-09-20T10:03:29.614547797Z,2026-09-20T10:33:29.614547797Z,2026-09-20T10:06:16Z,281,brightness,environment,oxocard01
,,0,2026-09-20T10:03:29.614547797Z,2026-09-20T10:33:29.614547797Z,2026-09-20T10:06:21Z,281,brightness,environment,oxocard01
,,0,2026-09-20T10:03:29.614547797Z,2026-09-20T10:33:29.614547797Z,2026-09-20T10:06:26Z,281,brightness,environment,oxocard01
,,0,2026-09-20T10:03:29.614547797Z,2026-09-20T10:33:29.614547797Z,2026-09-20T10:06:31Z,281,brightness,environment,oxocard01
,,0,2026-09-20T10:03:29.614547797Z,2026-09-20T10:33:29.614547797Z,2026-09-20T10:06:36Z,281,brightness,environment,oxocard01
,,0,2026-09-20T10:03:29.614547797Z,2026-09-20T10:33:29.614547797Z,2026-09-20T10:06:41Z,281,brightness,environment,oxocard01
,,0,2026-09-20T10:03:29.614547797Z,2026-09-20T10:33:29.614547797Z,2026-09-20T10:06:47Z,281,brightness,environment,oxocard01
,,0,2026-09-20T10:03:29.614547797Z,2026-09-20T10:33:29.614547797Z,2026-09-20T10:06:51Z,281,brightness,environment,oxocard01
,,0,2026-09-20T10:03:29.614547797Z,2026-09-20T10:33:29.614547797Z,2026-09-20T10:06:56Z,280,brightness,environment,oxocard01
,,0,2026-09-20T10:03:29.614547797Z,2026-09-20T10:33:29.614547797Z,2026-09-20T10:07:01Z,252,brightness,environment,oxocard01
,,0,2026-09-20T10:03:29.614547797Z,2026-09-20T10:33:29.614547797Z,2026-09-20T10:07:06Z,149,brightness,environment,oxocard01
,,0,2026-09-20T10:03:29.614547797Z,2026-09-20T10:33:29.614547797Z,2026-09-20T10:07:11Z,157,brightness,environment,oxocard01
,,0,2026-09-20T10:03:29.614547797Z,2026-09-20T10:33:29.614547797Z,2026-09-20T10:07:16Z,203,brightness,environment,oxocard01
,,0,2026-09-20T10:03:29.614547797Z,2026-09-20T10:33:29.614547797Z,2026-09-20T10:07:21Z,260,brightness,environment,oxocard01
,,0,2026-09-20T10:03:29.614547797Z,2026-09-20T10:33:29.614547797Z,2026-09-20T10:07:26Z,259,brightness,environment,oxocard01
,,0,2026-09-20T10:03:29.614547797Z,2026-09-20T10:33:29.614547797Z,2026-09-20T10:07:32Z,258,brightness,environment,oxocard01
,,0,2026-09-20T10:03:29.614547797Z,2026-09-20T10:33:29.614547797Z,2026-09-20T10:07:37Z,258,brightness,environment,oxocard01
,,0,2026-09-20T10:03:29.614547797Z,2026-09-20T10:33:29.614547797Z,2026-09-20T10:07:42Z,259,brightness,environment,oxocard01
,,0,2026-09-20T10:03:29.614547797Z,2026-09-20T10:33:29.614547797Z,2026-09-20T10:07:47Z,259,brightness,environment,oxocard01
,,0,2026-09-20T10:03:29.614547797Z,2026-09-20T10:33:29.614547797Z,2026-09-20T10:07:52Z,260,brightness,environment,oxocard01
,,0,2026-09-20T10:03:29.614547797Z,2026-09-20T10:33:29.614547797Z,2026-09-20T10:07:57Z,260,brightness,environment,oxocard01
,,0,2026-09-20T10:03:29.614547797Z,2026-09-20T10:33:29.614547797Z,2026-09-20T10:08:02Z,259,brightness,environment,oxocard01
,,0,2026-09-20T10:03:29.614547797Z,2026-09-20T10:33:29.614547797Z,2026-09-20T10:08:07Z,259,brightness,environment,oxocard01
,,0,2026-09-20T10:03:29.614547797Z,2026-09-20T10:33:29.614547797Z,2026-09-20T10:08:12Z,256,brightness,environment,oxocard01
,,0,2026-09-20T10:03:29.614547797Z,2026-09-20T10:33:29.614547797Z,2026-09-20T10:08:17Z,256,brightness,environment,oxocard01
,,0,2026-09-20T10:03:29.614547797Z,2026-09-20T10:33:29.614547797Z,2026-09-20T10:08:22Z,257,brightness,environment,oxocard01
,,0,2026-09-20T10:03:29.614547797Z,2026-09-20T10:33:29.614547797Z,2026-09-20T10:08:27Z,259,brightness,environment,oxocard01
,,0,2026-09-20T10:03:29.614547797Z,2026-09-20T10:33:29.614547797Z,2026-09-20T10:08:32Z,258,brightness,environment,oxocard01
,,0,2026-09-20T10:03:29.614547797Z,2026-09-20T10:33:29.614547797Z,2026-09-20T10:08:37Z,258,brightness,environment,oxocard01
,,0,2026-09-20T10:03:29.614547797Z,2026-09-20T10:33:29.614547797Z,2026-09-20T10:08:42Z,260,brightness,environment,oxocard01
,,0,2026-09-20T10:03:29.614547797Z,2026-09-20T10:33:29.614547797Z,2026-09-20T10:08:47Z,258,brightness,environment,oxocard01
,,0,2026-09-20T10:03:29.614547797Z,2026-09-20T10:33:29.614547797Z,2026-09-20T10:08:52Z,258,brightness,environment,oxocard01
,,0,2026-09-20T10:03:29.614547797Z,2026-09-20T10:33:29.614547797Z,2026-09-20T10:08:57Z,258,brightness,environment,oxocard01
,,0,2026-09-20T10:03:29.614547797Z,2026-09-20T10:33:29.614547797Z,2026-09-20T10:09:02Z,257,brightness,environment,oxocard01
,,0,2026-09-20T10:03:29.614547797Z,2026-09-20T10:33:29.614547797Z,2026-09-20T10:09:07Z,255,brightness,environment,oxocard01
,,0,2026-09-20T10:03:29.614547797Z,2026-09-20T10:33:29.614547797Z,2026-09-20T10:09:12Z,257,brightness,environment,oxocard01
,,0,2026-09-20T10:03:29.614547797Z,2026-09-20T10:33:29.614547797Z,2026-09-20T10:09:17Z,256,brightness,environment,oxocard01
,,0,2026-09-20T10:03:29.614547797Z,2026-09-20T10:33:29.614547797Z,2026-09-20T10:09:22Z,255,brightness,environment,oxocard01
,,0,2026-09-20T10:03:29.614547797Z,2026-09-20T10:33:29.614547797Z,2026-09-20T10:09:27Z,251,brightness,environment,oxocard01
,,0,2026-09-20T10:03:29.614547797Z,2026-09-20T10:33:29.614547797Z,2026-09-20T10:09:32Z,250,brightness,environment,oxocard01
,,0,2026-09-20T10:03:29.614547797Z,2026-09-20T10:33:29.614547797Z,2026-09-20T10:09:37Z,249,brightness,environment,oxocard01
,,0,2026-09-20T10:03:29.614547797Z,2026-09-20T10:33:29.614547797Z,2026-09-20T10:09:42Z,254,brightness,environment,oxocard01
,,0,2026-09-20T10:03:29.614547797Z,2026-09-20T10:33:29.614547797Z,2026-09-20T10:09:47Z,255,brightness,environment,oxocard01
,,0,2026-09-20T10:03:29.614547797Z,2026-09-20T10:33:29.614547797Z,2026-09-20T10:09:52Z,255,brightness,environment,oxocard01
,,0,2026-09-20T10:03:29.614547797Z,2026-09-20T10:33:29.614547797Z,2026-09-20T10:09:57Z,254,brightness,environment,oxocard01
,,0,2026-09-20T10:03:29.614547797Z,2026-09-20T10:33:29.614547797Z,2026-09-20T10:10:02Z,150,brightness,environment,oxocard01
,,0,2026-09-20T10:03:29.614547797Z,2026-09-20T10:33:29.614547797Z,2026-09-20T10:10:07Z,140,brightness,environment,oxocard01
,,0,2026-09-20T10:03:29.614547797Z,2026-09-20T10:33:29.614547797Z,2026-09-20T10:10:12Z,153,brightness,environment,oxocard01
,,0,2026-09-20T10:03:29.614547797Z,2026-09-20T10:33:29.614547797Z,2026-09-20T10:10:17Z,145,brightness,environment,oxocard01
,,0,2026-09-20T10:03:29.614547797Z,2026-09-20T10:33:29.614547797Z,2026-09-20T10:10:22Z,144,brightness,environment,oxocard01
,,0,2026-09-20T10:03:29.614547797Z,2026-09-20T10:33:29.614547797Z,2026-09-20T10:10:27Z,144,brightness,environment,oxocard01
,,0,2026-09-20T10:03:29.614547797Z,2026-09-20T10:33:29.614547797Z,2026-09-20T10:10:32Z,143,brightness,environment,oxocard01
,,0,2026-09-20T10:03:29.614547797Z,2026-09-20T10:33:29.614547797Z,2026-09-20T10:10:37Z,139,brightness,environment,oxocard01
,,0,2026-09-20T10:03:29.614547797Z,2026-09-20T10:33:29.614547797Z,2026-09-20T10:10:42Z,142,brightness,environment,oxocard01
,,0,2026-09-20T10:03:29.614547797Z,2026-09-20T10:33:29.614547797Z,2026-09-20T10:10:47Z,145,brightness,environment,oxocard01
,,0,2026-09-20T10:03:29.614547797Z,2026-09-20T10:33:29.614547797Z,2026-09-20T10:10:52Z,146,brightness,environment,oxocard01
,,0,2026-09-20T10:03:29.614547797Z,2026-09-20T10:33:29.614547797Z,2026-09-20T10:10:58Z,150,brightness,environment,oxocard01
,,0,2026-09-20T10:03:29.614547797Z,2026-09-20T10:33:29.614547797Z,2026-09-20T10:11:02Z,151,brightness,environment,oxocard01
,,0,2026-09-20T10:03:29.614547797Z,2026-09-20T10:33:29.614547797Z,2026-09-20T10:11:07Z,148,brightness,environment,oxocard01
,,0,2026-09-20T10:03:29.614547797Z,2026-09-20T10:33:29.614547797Z,2026-09-20T10:11:12Z,142,brightness,environment,oxocard01
,,0,2026-09-20T10:03:29.614547797Z,2026-09-20T10:33:29.614547797Z,2026-09-20T10:11:17Z,144,brightness,environment,oxocard01
,,0,2026-09-20T10:03:29.614547797Z,2026-09-20T10:33:29.614547797Z,2026-09-20T10:11:22Z,147,brightness,environment,oxocard01
,,0,2026-09-20T10:03:29.614547797Z,2026-09-20T10:33:29.614547797Z,2026-09-20T10:11:27Z,152,brightness,environment,oxocard01
,,0,2026-09-20T10:03:29.614547797Z,2026-09-20T10:33:29.614547797Z,2026-09-20T10:11:32Z,158,brightness,environment,oxocard01
,,0,2026-09-20T10:03:29.614547797Z,2026-09-20T10:33:29.614547797Z,2026-09-20T10:11:37Z,162,brightness,environment,oxocard01
,,0,2026-09-20T10:03:29.614547797Z,2026-09-20T10:33:29.614547797Z,2026-09-20T10:11:42Z,160,brightness,environment,oxocard01
,,0,2026-09-20T10:03:29.614547797Z,2026-09-20T10:33:29.614547797Z,2026-09-20T10:11:48Z,162,brightness,environment,oxocard01
,,0,2026-09-20T10:03:29.614547797Z,2026-09-20T10:33:29.614547797Z,2026-09-20T10:11:53Z,162,brightness,environment,oxocard01
,,0,2026-09-20T10:03:29.614547797Z,2026-09-20T10:33:29.614547797Z,2026-09-20T10:11:58Z,164,brightness,environment,oxocard01
,,0,2026-09-20T10:03:29.614547797Z,2026-09-20T10:33:29.614547797Z,2026-09-20T10:12:03Z,161,brightness,environment,oxocard01
,,0,2026-09-20T10:03:29.614547797Z,2026-09-20T10:33:29.614547797Z,2026-09-20T10:12:08Z,160,brightness,environment,oxocard01
,,0,2026-09-20T10:03:29.614547797Z,2026-09-20T10:33:29.614547797Z,2026-09-20T10:12:13Z,160,brightness,environment,oxocard01
,,0,2026-09-20T10:03:29.614547797Z,2026-09-20T10:33:29.614547797Z,2026-09-20T10:12:18Z,161,brightness,environment,oxocard01
,,0,2026-09-20T10:03:29.614547797Z,2026-09-20T10:33:29.614547797Z,2026-09-20T10:12:23Z,162,brightness,environment,oxocard01
,,0,2026-09-20T10:03:29.614547797Z,2026-09-20T10:33:29.614547797Z,2026-09-20T10:12:28Z,162,brightness,environment,oxocard01
,,0,2026-09-20T10:03:29.614547797Z,2026-09-20T10:33:29.614547797Z,2026-09-20T10:12:33Z,163,brightness,environment,oxocard01
,,0,2026-09-20T10:03:29.614547797Z,2026-09-20T10:33:29.614547797Z,2026-09-20T10:12:38Z,162,brightness,environment,oxocard01
,,0,2026-09-20T10:03:29.614547797Z,2026-09-20T10:33:29.614547797Z,2026-09-20T10:12:43Z,161,brightness,environment,oxocard01
,,0,2026-09-20T10:03:29.614547797Z,2026-09-20T10:33:29.614547797Z,2026-09-20T10:12:48Z,182,brightness,environment,oxocard01
,,0,2026-09-20T10:03:29.614547797Z,2026-09-20T10:33:29.614547797Z,2026-09-20T10:12:53Z,140,brightness,environment,oxocard01
,,0,2026-09-20T10:03:29.614547797Z,2026-09-20T10:33:29.614547797Z,2026-09-20T10:12:58Z,147,brightness,environment,oxocard01
,,0,2026-09-20T10:03:29.614547797Z,2026-09-20T10:33:29.614547797Z,2026-09-20T10:13:03Z,133,brightness,environment,oxocard01
,,0,2026-09-20T10:03:29.614547797Z,2026-09-20T10:33:29.614547797Z,2026-09-20T10:13:08Z,138,brightness,environment,oxocard01
,,0,2026-09-20T10:03:29.614547797Z,2026-09-20T10:33:29.614547797Z,2026-09-20T10:13:13Z,139,brightness,environment,oxocard01
,,0,2026-09-20T10:03:29.614547797Z,2026-09-20T10:33:29.614547797Z,2026-09-20T10:13:18Z,139,brightness,environment,oxocard01
,,0,2026-09-20T10:03:29.614547797Z,2026-09-20T10:33:29.614547797Z,2026-09-20T10:13:23Z,133,brightness,environment,oxocard01
,,0,2026-09-20T10:03:29.614547797Z,2026-09-20T10:33:29.614547797Z,2026-09-20T10:13:28Z,139,brightness,environment,oxocard01
,,0,2026-09-20T10:03:29.614547797Z,2026-09-20T10:33:29.614547797Z,2026-09-20T10:13:33Z,133,brightness,environment,oxocard01
,,0,2026-09-20T10:03:29.614547797Z,2026-09-20T10:33:29.614547797Z,2026-09-20T10:13:38Z,136,brightness,environment,oxocard01
,,0,2026-09-20T10:03:29.614547797Z,2026-09-20T10:33:29.614547797Z,2026-09-20T10:13:43Z,132,brightness,environment,oxocard01
,,0,2026-09-20T10:03:29.614547797Z,2026-09-20T10:33:29.614547797Z,2026-09-20T10:13:48Z,135,brightness,environment,oxocard01
,,0,2026-09-20T10:03:29.614547797Z,2026-09-20T10:33:29.614547797Z,2026-09-20T10:13:53Z,99,brightness,environment,oxocard01
,,0,2026-09-20T10:03:29.614547797Z,2026-09-20T10:33:29.614547797Z,2026-09-20T10:13:58Z,151,brightness,environment,oxocard01
,,0,2026-09-20T10:03:29.614547797Z,2026-09-20T10:33:29.614547797Z,2026-09-20T10:14:03Z,154,brightness,environment,oxocard01
,,0,2026-09-20T10:03:29.614547797Z,2026-09-20T10:33:29.614547797Z,2026-09-20T10:14:08Z,154,brightness,environment,oxocard01
,,0,2026-09-20T10:03:29.614547797Z,2026-09-20T10:33:29.614547797Z,2026-09-20T10:14:13Z,155,brightness,environment,oxocard01
,,0,2026-09-20T10:03:29.614547797Z,2026-09-20T10:33:29.614547797Z,2026-09-20T10:14:18Z,155,brightness,environment,oxocard01
,,0,2026-09-20T10:03:29.614547797Z,2026-09-20T10:33:29.614547797Z,2026-09-20T10:14:23Z,152,brightness,environment,oxocard01
,,0,2026-09-20T10:03:29.614547797Z,2026-09-20T10:33:29.614547797Z,2026-09-20T10:14:28Z,150,brightness,environment,oxocard01
,,0,2026-09-20T10:03:29.614547797Z,2026-09-20T10:33:29.614547797Z,2026-09-20T10:14:33Z,151,brightness,environment,oxocard01
,,0,2026-09-20T10:03:29.614547797Z,2026-09-20T10:33:29.614547797Z,2026-09-20T10:14:38Z,123,brightness,environment,oxocard01
,,0,2026-09-20T10:03:29.614547797Z,2026-09-20T10:33:29.614547797Z,2026-09-20T10:14:43Z,107,brightness,environment,oxocard01
,,0,2026-09-20T10:03:29.614547797Z,2026-09-20T10:33:29.614547797Z,2026-09-20T10:14:48Z,115,brightness,environment,oxocard01
,,0,2026-09-20T10:03:29.614547797Z,2026-09-20T10:33:29.614547797Z,2026-09-20T10:14:53Z,111,brightness,environment,oxocard01
,,0,2026-09-20T10:03:29.614547797Z,2026-09-20T10:33:29.614547797Z,2026-09-20T10:14:58Z,111,brightness,environment,oxocard01
,,0,2026-09-20T10:03:29.614547797Z,2026-09-20T10:33:29.614547797Z,2026-09-20T10:15:03Z,109,brightness,environment,oxocard01
,,0,2026-09-20T10:03:29.614547797Z,2026-09-20T10:33:29.614547797Z,2026-09-20T10:15:08Z,109,brightness,environment,oxocard01
,,0,2026-09-20T10:03:29.614547797Z,2026-09-20T10:33:29.614547797Z,2026-09-20T10:15:13Z,109,brightness,environment,oxocard01
,,0,2026-09-20T10:03:29.614547797Z,2026-09-20T10:33:29.614547797Z,2026-09-20T10:15:18Z,106,brightness,environment,oxocard01
,,0,2026-09-20T10:03:29.614547797Z,2026-09-20T10:33:29.614547797Z,2026-09-20T10:15:23Z,105,brightness,environment,oxocard01
,,0,2026-09-20T10:03:29.614547797Z,2026-09-20T10:33:29.614547797Z,2026-09-20T10:15:28Z,105,brightness,environment,oxocard01
,,0,2026-09-20T10:03:29.614547797Z,2026-09-20T10:33:29.614547797Z,2026-09-20T10:15:33Z,105,brightness,environment,oxocard01
,,0,2026-09-20T10:03:29.614547797Z,2026-09-20T10:33:29.614547797Z,2026-09-20T10:15:39Z,107,brightness,environment,oxocard01
,,0,2026-09-20T10:03:29.614547797Z,2026-09-20T10:33:29.614547797Z,2026-09-20T10:15:43Z,106,brightness,environment,oxocard01
,,0,2026-09-20T10:03:29.614547797Z,2026-09-20T10:33:29.614547797Z,2026-09-20T10:15:48Z,106,brightness,environment,oxocard01
,,0,2026-09-20T10:03:29.614547797Z,2026-09-20T10:33:29.614547797Z,2026-09-20T10:15:53Z,108,brightness,environment,oxocard01
,,0,2026-09-20T10:03:29.614547797Z,2026-09-20T10:33:29.614547797Z,2026-09-20T10:15:58Z,107,brightness,environment,oxocard01
,,0,2026-09-20T10:03:29.614547797Z,2026-09-20T10:33:29.614547797Z,2026-09-20T10:16:03Z,105,brightness,environment,oxocard01
,,0,2026-09-20T10:03:29.614547797Z,2026-09-20T10:33:29.614547797Z,2026-09-20T10:16:08Z,104,brightness,environment,oxocard01
,,0,2026-09-20T10:03:29.614547797Z,2026-09-20T10:33:29.614547797Z,2026-09-20T10:16:13Z,105,brightness,environment,oxocard01
,,0,2026-09-20T10:03:29.614547797Z,2026-09-20T10:33:29.614547797Z,2026-09-20T10:16:18Z,105,brightness,environment,oxocard01
,,0,2026-09-20T10:03:29.614547797Z,2026-09-20T10:33:29.614547797Z,2026-09-20T10:16:24Z,103,brightness,environment,oxocard01
,,0,2026-09-20T10:03:29.614547797Z,2026-09-20T10:33:29.614547797Z,2026-09-20T10:16:29Z,102,brightness,environment,oxocard01
,,0,2026-09-20T10:03:29.614547797Z,2026-09-20T10:33:29.614547797Z,2026-09-20T10:16:34Z,231,brightness,environment,oxocard01
,,0,2026-09-20T10:03:29.614547797Z,2026-09-20T10:33:29.614547797Z,2026-09-20T10:16:39Z,241,brightness,environment,oxocard01
,,0,2026-09-20T10:03:29.614547797Z,2026-09-20T10:33:29.614547797Z,2026-09-20T10:16:44Z,177,brightness,environment,oxocard01
,,0,2026-09-20T10:03:29.614547797Z,2026-09-20T10:33:29.614547797Z,2026-09-20T10:16:49Z,182,brightness,environment,oxocard01
,,0,2026-09-20T10:03:29.614547797Z,2026-09-20T10:33:29.614547797Z,2026-09-20T10:16:54Z,164,brightness,environment,oxocard01
,,0,2026-09-20T10:03:29.614547797Z,2026-09-20T10:33:29.614547797Z,2026-09-20T10:16:59Z,163,brightness,environment,oxocard01
,,0,2026-09-20T10:03:29.614547797Z,2026-09-20T10:33:29.614547797Z,2026-09-20T10:17:04Z,179,brightness,environment,oxocard01
,,0,2026-09-20T10:03:29.614547797Z,2026-09-20T10:33:29.614547797Z,2026-09-20T10:17:09Z,156,brightness,environment,oxocard01
,,0,2026-09-20T10:03:29.614547797Z,2026-09-20T10:33:29.614547797Z,2026-09-20T10:17:14Z,154,brightness,environment,oxocard01
,,0,2026-09-20T10:03:29.614547797Z,2026-09-20T10:33:29.614547797Z,2026-09-20T10:17:19Z,154,brightness,environment,oxocard01
,,0,2026-09-20T10:03:29.614547797Z,2026-09-20T10:33:29.614547797Z,2026-09-20T10:17:24Z,212,brightness,environment,oxocard01
,,0,2026-09-20T10:03:29.614547797Z,2026-09-20T10:33:29.614547797Z,2026-09-20T10:17:29Z,102,brightness,environment,oxocard01
,,0,2026-09-20T10:03:29.614547797Z,2026-09-20T10:33:29.614547797Z,2026-09-20T10:17:34Z,167,brightness,environment,oxocard01
,,0,2026-09-20T10:03:29.614547797Z,2026-09-20T10:33:29.614547797Z,2026-09-20T10:17:39Z,174,brightness,environment,oxocard01
,,0,2026-09-20T10:03:29.614547797Z,2026-09-20T10:33:29.614547797Z,2026-09-20T10:17:44Z,239,brightness,environment,oxocard01
,,0,2026-09-20T10:03:29.614547797Z,2026-09-20T10:33:29.614547797Z,2026-09-20T10:17:49Z,236,brightness,environment,oxocard01
,,0,2026-09-20T10:03:29.614547797Z,2026-09-20T10:33:29.614547797Z,2026-09-20T10:17:54Z,236,brightness,environment,oxocard01
,,0,2026-09-20T10:03:29.614547797Z,2026-09-20T10:33:29.614547797Z,2026-09-20T10:17:59Z,237,brightness,environment,oxocard01
,,0,2026-09-20T10:03:29.614547797Z,2026-09-20T10:33:29.614547797Z,2026-09-20T10:18:04Z,237,brightness,environment,oxocard01
,,0,2026-09-20T10:03:29.614547797Z,2026-09-20T10:33:29.614547797Z,2026-09-20T10:18:09Z,236,brightness,environment,oxocard01
,,0,2026-09-20T10:03:29.614547797Z,2026-09-20T10:33:29.614547797Z,2026-09-20T10:18:14Z,236,brightness,environment,oxocard01
,,0,2026-09-20T10:03:29.614547797Z,2026-09-20T10:33:29.614547797Z,2026-09-20T10:18:19Z,236,brightness,environment,oxocard01
,,0,2026-09-20T10:03:29.614547797Z,2026-09-20T10:33:29.614547797Z,2026-09-20T10:18:24Z,234,brightness,environment,oxocard01
,,0,2026-09-20T10:03:29.614547797Z,2026-09-20T10:33:29.614547797Z,2026-09-20T10:18:29Z,161,brightness,environment,oxocard01
,,0,2026-09-20T10:03:29.614547797Z,2026-09-20T10:33:29.614547797Z,2026-09-20T10:18:34Z,203,brightness,environment,oxocard01
,,0,2026-09-20T10:03:29.614547797Z,2026-09-20T10:33:29.614547797Z,2026-09-20T10:18:39Z,170,brightness,environment,oxocard01
,,0,2026-09-20T10:03:29.614547797Z,2026-09-20T10:33:29.614547797Z,2026-09-20T10:18:44Z,169,brightness,environment,oxocard01
,,0,2026-09-20T10:03:29.614547797Z,2026-09-20T10:33:29.614547797Z,2026-09-20T10:18:49Z,179,brightness,environment,oxocard01
,,0,2026-09-20T10:03:29.614547797Z,2026-09-20T10:33:29.614547797Z,2026-09-20T10:18:55Z,166,brightness,environment,oxocard01
,,0,2026-09-20T10:03:29.614547797Z,2026-09-20T10:33:29.614547797Z,2026-09-20T10:19:00Z,144,brightness,environment,oxocard01
,,0,2026-09-20T10:03:29.614547797Z,2026-09-20T10:33:29.614547797Z,2026-09-20T10:19:05Z,139,brightness,environment,oxocard01
,,0,2026-09-20T10:03:29.614547797Z,2026-09-20T10:33:29.614547797Z,2026-09-20T10:19:10Z,153,brightness,environment,oxocard01
,,0,2026-09-20T10:03:29.614547797Z,2026-09-20T10:33:29.614547797Z,2026-09-20T10:19:14Z,132,brightness,environment,oxocard01
,,0,2026-09-20T10:03:29.614547797Z,2026-09-20T10:33:29.614547797Z,2026-09-20T10:19:19Z,174,brightness,environment,oxocard01
,,0,2026-09-20T10:03:29.614547797Z,2026-09-20T10:33:29.614547797Z,2026-09-20T10:19:25Z,154,brightness,environment,oxocard01
,,0,2026-09-20T10:03:29.614547797Z,2026-09-20T10:33:29.614547797Z,2026-09-20T10:19:29Z,156,brightness,environment,oxocard01
,,0,2026-09-20T10:03:29.614547797Z,2026-09-20T10:33:29.614547797Z,2026-09-20T10:19:34Z,158,brightness,environment,oxocard01
,,0,2026-09-20T10:03:29.614547797Z,2026-09-20T10:33:29.614547797Z,2026-09-20T10:19:40Z,151,brightness,environment,oxocard01
,,0,2026-09-20T10:03:29.614547797Z,2026-09-20T10:33:29.614547797Z,2026-09-20T10:19:45Z,152,brightness,environment,oxocard01
,,0,2026-09-20T10:03:29.614547797Z,2026-09-20T10:33:29.614547797Z,2026-09-20T10:19:50Z,151,brightness,environment,oxocard01
,,0,2026-09-20T10:03:29.614547797Z,2026-09-20T10:33:29.614547797Z,2026-09-20T10:19:55Z,154,brightness,environment,oxocard01
,,0,2026-09-20T10:03:29.614547797Z,2026-09-20T10:33:29.614547797Z,2026-09-20T10:20:00Z,120,brightness,environment,oxocard01
,,0,2026-09-20T10:03:29.614547797Z,2026-09-20T10:33:29.614547797Z,2026-09-20T10:20:05Z,194,brightness,environment,oxocard01
,,0,2026-09-20T10:03:29.614547797Z,2026-09-20T10:33:29.614547797Z,2026-09-20T10:20:10Z,178,brightness,environment,oxocard01
,,0,2026-09-20T10:03:29.614547797Z,2026-09-20T10:33:29.614547797Z,2026-09-20T10:20:15Z,180,brightness,environment,oxocard01
,,0,2026-09-20T10:03:29.614547797Z,2026-09-20T10:33:29.614547797Z,2026-09-20T10:20:20Z,192,brightness,environment,oxocard01
,,0,2026-09-20T10:03:29.614547797Z,2026-09-20T10:33:29.614547797Z,2026-09-20T10:20:25Z,197,brightness,environment,oxocard01
,,0,2026-09-20T10:03:29.614547797Z,2026-09-20T10:33:29.614547797Z,2026-09-20T10:20:30Z,243,brightness,environment,oxocard01
,,0,2026-09-20T10:03:29.614547797Z,2026-09-20T10:33:29.614547797Z,2026-09-20T10:20:35Z,243,brightness,environment,oxocard01
,,0,2026-09-20T10:03:29.614547797Z,2026-09-20T10:33:29.614547797Z,2026-09-20T10:20:40Z,245,brightness,environment,oxocard01
,,0,2026-09-20T10:03:29.614547797Z,2026-09-20T10:33:29.614547797Z,2026-09-20T10:20:45Z,245,brightness,environment,oxocard01
,,0,2026-09-20T10:03:29.614547797Z,2026-09-20T10:33:29.614547797Z,2026-09-20T10:20:50Z,246,brightness,environment,oxocard01
,,0,2026-09-20T10:03:29.614547797Z,2026-09-20T10:33:29.614547797Z,2026-09-20T10:20:56Z,245,brightness,environment,oxocard01
,,0,2026-09-20T10:03:29.614547797Z,2026-09-20T10:33:29.614547797Z,2026-09-20T10:21:00Z,167,brightness,environment,oxocard01
,,0,2026-09-20T10:03:29.614547797Z,2026-09-20T10:33:29.614547797Z,2026-09-20T10:21:05Z,197,brightness,environment,oxocard01
,,0,2026-09-20T10:03:29.614547797Z,2026-09-20T10:33:29.614547797Z,2026-09-20T10:21:10Z,192,brightness,environment,oxocard01
,,0,2026-09-20T10:03:29.614547797Z,2026-09-20T10:33:29.614547797Z,2026-09-20T10:21:15Z,198,brightness,environment,oxocard01
,,0,2026-09-20T10:03:29.614547797Z,2026-09-20T10:33:29.614547797Z,2026-09-20T10:21:21Z,231,brightness,environment,oxocard01
,,0,2026-09-20T10:03:29.614547797Z,2026-09-20T10:33:29.614547797Z,2026-09-20T10:21:26Z,230,brightness,environment,oxocard01
,,0,2026-09-20T10:03:29.614547797Z,2026-09-20T10:33:29.614547797Z,2026-09-20T10:21:31Z,248,brightness,environment,oxocard01
,,0,2026-09-20T10:03:29.614547797Z,2026-09-20T10:33:29.614547797Z,2026-09-20T10:21:36Z,245,brightness,environment,oxocard01
,,0,2026-09-20T10:03:29.614547797Z,2026-09-20T10:33:29.614547797Z,2026-09-20T10:21:41Z,247,brightness,environment,oxocard01
,,0,2026-09-20T10:03:29.614547797Z,2026-09-20T10:33:29.614547797Z,2026-09-20T10:21:46Z,252,brightness,environment,oxocard01
,,0,2026-09-20T10:03:29.614547797Z,2026-09-20T10:33:29.614547797Z,2026-09-20T10:21:51Z,250,brightness,environment,oxocard01
,,0,2026-09-20T10:03:29.614547797Z,2026-09-20T10:33:29.614547797Z,2026-09-20T10:21:56Z,251,brightness,environment,oxocard01
,,0,2026-09-20T10:03:29.614547797Z,2026-09-20T10:33:29.614547797Z,2026-09-20T10:22:01Z,251,brightness,environment,oxocard01
,,0,2026-09-20T10:03:29.614547797Z,2026-09-20T10:33:29.614547797Z,2026-09-20T10:22:06Z,250,brightness,environment,oxocard01
,,0,2026-09-20T10:03:29.614547797Z,2026-09-20T10:33:29.614547797Z,2026-09-20T10:22:11Z,249,brightness,environment,oxocard01
,,0,2026-09-20T10:03:29.614547797Z,2026-09-20T10:33:29.614547797Z,2026-09-20T10:22:16Z,249,brightness,environment,oxocard01
,,0,2026-09-20T10:03:29.614547797Z,2026-09-20T10:33:29.614547797Z,2026-09-20T10:22:21Z,248,brightness,environment,oxocard01
,,0,2026-09-20T10:03:29.614547797Z,2026-09-20T10:33:29.614547797Z,2026-09-20T10:22:26Z,248,brightness,environment,oxocard01
,,0,2026-09-20T10:03:29.614547797Z,2026-09-20T10:33:29.614547797Z,2026-09-20T10:22:32Z,247,brightness,environment,oxocard01
,,0,2026-09-20T10:03:29.614547797Z,2026-09-20T10:33:29.614547797Z,2026-09-20T10:22:36Z,247,brightness,environment,oxocard01
,,0,2026-09-20T10:03:29.614547797Z,2026-09-20T10:33:29.614547797Z,2026-09-20T10:22:41Z,247,brightness,environment,oxocard01
,,0,2026-09-20T10:03:29.614547797Z,2026-09-20T10:33:29.614547797Z,2026-09-20T10:22:47Z,248,brightness,environment,oxocard01
,,0,2026-09-20T10:03:29.614547797Z,2026-09-20T10:33:29.614547797Z,2026-09-20T10:22:51Z,248,brightness,environment,oxocard01
,,0,2026-09-20T10:03:29.614547797Z,2026-09-20T10:33:29.614547797Z,2026-09-20T10:22:56Z,248,brightness,environment,oxocard01
,,0,2026-09-20T10:03:29.614547797Z,2026-09-20T10:33:29.614547797Z,2026-09-20T10:23:01Z,248,brightness,environment,oxocard01
,,0,2026-09-20T10:03:29.614547797Z,2026-09-20T10:33:29.614547797Z,2026-09-20T10:23:06Z,248,brightness,environment,oxocard01
,,0,2026-09-20T10:03:29.614547797Z,2026-09-20T10:33:29.614547797Z,2026-09-20T10:23:11Z,247,brightness,environment,oxocard01
,,0,2026-09-20T10:03:29.614547797Z,2026-09-20T10:33:29.614547797Z,2026-09-20T10:23:16Z,247,brightness,environment,oxocard01
,,0,2026-09-20T10:03:29.614547797Z,2026-09-20T10:33:29.614547797Z,2026-09-20T10:23:21Z,247,brightness,environment,oxocard01
,,0,2026-09-20T10:03:29.614547797Z,2026-09-20T10:33:29.614547797Z,2026-09-20T10:23:27Z,248,brightness,environment,oxocard01
,,0,2026-09-20T10:03:29.614547797Z,2026-09-20T10:33:29.614547797Z,2026-09-20T10:23:32Z,248,brightness,environment,oxocard01
,,0,2026-09-20T10:03:29.614547797Z,2026-09-20T10:33:29.614547797Z,2026-09-20T10:23:37Z,247,brightness,environment,oxocard01
,,0,2026-09-20T10:03:29.614547797Z,2026-09-20T10:33:29.614547797Z,2026-09-20T10:23:42Z,246,brightness,environment,oxocard01
,,0,2026-09-20T10:03:29.614547797Z,2026-09-20T10:33:29.614547797Z,2026-09-20T10:23:46Z,244,brightness,environment,oxocard01
,,0,2026-09-20T10:03:29.614547797Z,2026-09-20T10:33:29.614547797Z,2026-09-20T10:23:52Z,246,brightness,environment,oxocard01
,,0,2026-09-20T10:03:29.614547797Z,2026-09-20T10:33:29.614547797Z,2026-09-20T10:23:57Z,246,brightness,environment,oxocard01
,,0,2026-09-20T10:03:29.614547797Z,2026-09-20T10:33:29.614547797Z,2026-09-20T10:24:02Z,247,brightness,environment,oxocard01
,,0,2026-09-20T10:03:29.614547797Z,2026-09-20T10:33:29.614547797Z,2026-09-20T10:24:07Z,247,brightness,environment,oxocard01
,,0,2026-09-20T10:03:29.614547797Z,2026-09-20T10:33:29.614547797Z,2026-09-20T10:24:12Z,246,brightness,environment,oxocard01
,,0,2026-09-20T10:03:29.614547797Z,2026-09-20T10:33:29.614547797Z,2026-09-20T10:24:17Z,246,brightness,environment,oxocard01
,,0,2026-09-20T10:03:29.614547797Z,2026-09-20T10:33:29.614547797Z,2026-09-20T10:24:22Z,246,brightness,environment,oxocard01
,,0,2026-09-20T10:03:29.614547797Z,2026-09-20T10:33:29.614547797Z,2026-09-20T10:24:27Z,245,brightness,environment,oxocard01
,,0,2026-09-20T10:03:29.614547797Z,2026-09-20T10:33:29.614547797Z,2026-09-20T10:24:32Z,241,brightness,environment,oxocard01
,,0,2026-09-20T10:03:29.614547797Z,2026-09-20T10:33:29.614547797Z,2026-09-20T10:24:37Z,90,brightness,environment,oxocard01
,,0,2026-09-20T10:03:29.614547797Z,2026-09-20T10:33:29.614547797Z,2026-09-20T10:24:42Z,239,brightness,environment,oxocard01
,,0,2026-09-20T10:03:29.614547797Z,2026-09-20T10:33:29.614547797Z,2026-09-20T10:24:47Z,239,brightness,environment,oxocard01
,,0,2026-09-20T10:03:29.614547797Z,2026-09-20T10:33:29.614547797Z,2026-09-20T10:24:52Z,239,brightness,environment,oxocard01
,,0,2026-09-20T10:03:29.614547797Z,2026-09-20T10:33:29.614547797Z,2026-09-20T10:24:57Z,239,brightness,environment,oxocard01
,,0,2026-09-20T10:03:29.614547797Z,2026-09-20T10:33:29.614547797Z,2026-09-20T10:25:02Z,239,brightness,environment,oxocard01
,,0,2026-09-20T10:03:29.614547797Z,2026-09-20T10:33:29.614547797Z,2026-09-20T10:25:07Z,237,brightness,environment,oxocard01
,,0,2026-09-20T10:03:29.614547797Z,2026-09-20T10:33:29.614547797Z,2026-09-20T10:25:13Z,238,brightness,environment,oxocard01
,,0,2026-09-20T10:03:29.614547797Z,2026-09-20T10:33:29.614547797Z,2026-09-20T10:25:17Z,239,brightness,environment,oxocard01
,,0,2026-09-20T10:03:29.614547797Z,2026-09-20T10:33:29.614547797Z,2026-09-20T10:25:22Z,238,brightness,environment,oxocard01
,,0,2026-09-20T10:03:29.614547797Z,2026-09-20T10:33:29.614547797Z,2026-09-20T10:25:27Z,239,brightness,environment,oxocard01
,,0,2026-09-20T10:03:29.614547797Z,2026-09-20T10:33:29.614547797Z,2026-09-20T10:25:32Z,240,brightness,environment,oxocard01
,,0,2026-09-20T10:03:29.614547797Z,2026-09-20T10:33:29.614547797Z,2026-09-20T10:25:37Z,242,brightness,environment,oxocard01
,,0,2026-09-20T10:03:29.614547797Z,2026-09-20T10:33:29.614547797Z,2026-09-20T10:25:43Z,241,brightness,environment,oxocard01
,,0,2026-09-20T10:03:29.614547797Z,2026-09-20T10:33:29.614547797Z,2026-09-20T10:25:47Z,240,brightness,environment,oxocard01
,,0,2026-09-20T10:03:29.614547797Z,2026-09-20T10:33:29.614547797Z,2026-09-20T10:25:53Z,240,brightness,environment,oxocard01
,,0,2026-09-20T10:03:29.614547797Z,2026-09-20T10:33:29.614547797Z,2026-09-20T10:25:58Z,240,brightness,environment,oxocard01
,,0,2026-09-20T10:03:29.614547797Z,2026-09-20T10:33:29.614547797Z,2026-09-20T10:26:03Z,238,brightness,environment,oxocard01
,,0,2026-09-20T10:03:29.614547797Z,2026-09-20T10:33:29.614547797Z,2026-09-20T10:26:08Z,238,brightness,environment,oxocard01
,,0,2026-09-20T10:03:29.614547797Z,2026-09-20T10:33:29.614547797Z,2026-09-20T10:26:13Z,238,brightness,environment,oxocard01
,,0,2026-09-20T10:03:29.614547797Z,2026-09-20T10:33:29.614547797Z,2026-09-20T10:26:18Z,240,brightness,environment,oxocard01
,,0,2026-09-20T10:03:29.614547797Z,2026-09-20T10:33:29.614547797Z,2026-09-20T10:26:23Z,241,brightness,environment,oxocard01
,,0,2026-09-20T10:03:29.614547797Z,2026-09-20T10:33:29.614547797Z,2026-09-20T10:26:28Z,240,brightness,environment,oxocard01
,,0,2026-09-20T10:03:29.614547797Z,2026-09-20T10:33:29.614547797Z,2026-09-20T10:26:33Z,240,brightness,environment,oxocard01
,,0,2026-09-20T10:03:29.614547797Z,2026-09-20T10:33:29.614547797Z,2026-09-20T10:26:38Z,240,brightness,environment,oxocard01
,,0,2026-09-20T10:03:29.614547797Z,2026-09-20T10:33:29.614547797Z,2026-09-20T10:26:43Z,239,brightness,environment,oxocard01
,,0,2026-09-20T10:03:29.614547797Z,2026-09-20T10:33:29.614547797Z,2026-09-20T10:26:48Z,239,brightness,environment,oxocard01
,,0,2026-09-20T10:03:29.614547797Z,2026-09-20T10:33:29.614547797Z,2026-09-20T10:26:53Z,239,brightness,environment,oxocard01
,,0,2026-09-20T10:03:29.614547797Z,2026-09-20T10:33:29.614547797Z,2026-09-20T10:26:58Z,237,brightness,environment,oxocard01
,,0,2026-09-20T10:03:29.614547797Z,2026-09-20T10:33:29.614547797Z,2026-09-20T10:27:03Z,238,brightness,environment,oxocard01
,,0,2026-09-20T10:03:29.614547797Z,2026-09-20T10:33:29.614547797Z,2026-09-20T10:27:08Z,237,brightness,environment,oxocard01
,,0,2026-09-20T10:03:29.614547797Z,2026-09-20T10:33:29.614547797Z,2026-09-20T10:27:13Z,237,brightness,environment,oxocard01
,,0,2026-09-20T10:03:29.614547797Z,2026-09-20T10:33:29.614547797Z,2026-09-20T10:27:18Z,237,brightness,environment,oxocard01
,,0,2026-09-20T10:03:29.614547797Z,2026-09-20T10:33:29.614547797Z,2026-09-20T10:27:23Z,236,brightness,environment,oxocard01
,,0,2026-09-20T10:03:29.614547797Z,2026-09-20T10:33:29.614547797Z,2026-09-20T10:27:28Z,235,brightness,environment,oxocard01
,,0,2026-09-20T10:03:29.614547797Z,2026-09-20T10:33:29.614547797Z,2026-09-20T10:27:33Z,234,brightness,environment,oxocard01
,,0,2026-09-20T10:03:29.614547797Z,2026-09-20T10:33:29.614547797Z,2026-09-20T10:27:38Z,233,brightness,environment,oxocard01
,,0,2026-09-20T10:03:29.614547797Z,2026-09-20T10:33:29.614547797Z,2026-09-20T10:27:43Z,233,brightness,environment,oxocard01
,,0,2026-09-20T10:03:29.614547797Z,2026-09-20T10:33:29.614547797Z,2026-09-20T10:27:48Z,232,brightness,environment,oxocard01
,,0,2026-09-20T10:03:29.614547797Z,2026-09-20T10:33:29.614547797Z,2026-09-20T10:27:53Z,232,brightness,environment,oxocard01
,,0,2026-09-20T10:03:29.614547797Z,2026-09-20T10:33:29.614547797Z,2026-09-20T10:27:58Z,232,brightness,environment,oxocard01
,,0,2026-09-20T10:03:29.614547797Z,2026-09-20T10:33:29.614547797Z,2026-09-20T10:28:03Z,232,brightness,environment,oxocard01
,,0,2026-09-20T10:03:29.614547797Z,2026-09-20T10:33:29.614547797Z,2026-09-20T10:28:08Z,233,brightness,environment,oxocard01
,,0,2026-09-20T10:03:29.614547797Z,2026-09-20T10:33:29.614547797Z,2026-09-20T10:28:13Z,235,brightness,environment,oxocard01
,,0,2026-09-20T10:03:29.614547797Z,2026-09-20T10:33:29.614547797Z,2026-09-20T10:28:18Z,237,brightness,environment,oxocard01
,,0,2026-09-20T10:03:29.614547797Z,2026-09-20T10:33:29.614547797Z,2026-09-20T10:28:23Z,237,brightness,environment,oxocard01
,,0,2026-09-20T10:03:29.614547797Z,2026-09-20T10:33:29.614547797Z,2026-09-20T10:28:28Z,237,brightness,environment,oxocard01
,,0,2026-09-20T10:03:29.614547797Z,2026-09-20T10:33:29.614547797Z,2026-09-20T10:28:33Z,237,brightness,environment,oxocard01
,,0,2026-09-20T10:03:29.614547797Z,2026-09-20T10:33:29.614547797Z,2026-09-20T10:28:38Z,239,brightness,environment,oxocard01
,,0,2026-09-20T10:03:29.614547797Z,2026-09-20T10:33:29.614547797Z,2026-09-20T10:28:43Z,238,brightness,environment,oxocard01
,,0,2026-09-20T10:03:29.614547797Z,2026-09-20T10:33:29.614547797Z,2026-09-20T10:28:48Z,201,brightness,environment,oxocard01
,,0,2026-09-20T10:03:29.614547797Z,2026-09-20T10:33:29.614547797Z,2026-09-20T10:28:53Z,238,brightness,environment,oxocard01
,,0,2026-09-20T10:03:29.614547797Z,2026-09-20T10:33:29.614547797Z,2026-09-20T10:28:58Z,237,brightness,environment,oxocard01
,,0,2026-09-20T10:03:29.614547797Z,2026-09-20T10:33:29.614547797Z,2026-09-20T10:29:03Z,237,brightness,environment,oxocard01
,,0,2026-09-20T10:03:29.614547797Z,2026-09-20T10:33:29.614547797Z,2026-09-20T10:29:08Z,237,brightness,environment,oxocard01
,,0,2026-09-20T10:03:29.614547797Z,2026-09-20T10:33:29.614547797Z,2026-09-20T10:29:13Z,236,brightness,environment,oxocard01
,,0,2026-09-20T10:03:29.614547797Z,2026-09-20T10:33:29.614547797Z,2026-09-20T10:29:18Z,234,brightness,environment,oxocard01
,,0,2026-09-20T10:03:29.614547797Z,2026-09-20T10:33:29.614547797Z,2026-09-20T10:29:23Z,235,brightness,environment,oxocard01
,,0,2026-09-20T10:03:29.614547797Z,2026-09-20T10:33:29.614547797Z,2026-09-20T10:29:28Z,233,brightness,environment,oxocard01
,,0,2026-09-20T10:03:29.614547797Z,2026-09-20T10:33:29.614547797Z,2026-09-20T10:29:33Z,231,brightness,environment,oxocard01
,,0,2026-09-20T10:03:29.614547797Z,2026-09-20T10:33:29.614547797Z,2026-09-20T10:29:38Z,231,brightness,environment,oxocard01
,,0,2026-09-20T10:03:29.614547797Z,2026-09-20T10:33:29.614547797Z,2026-09-20T10:29:43Z,231,brightness,environment,oxocard01
,,0,2026-09-20T10:03:29.614547797Z,2026-09-20T10:33:29.614547797Z,2026-09-20T10:29:48Z,231,brightness,environment,oxocard01
,,0,2026-09-20T10:03:29.614547797Z,2026-09-20T10:33:29.614547797Z,2026-09-20T10:29:54Z,231,brightness,environment,oxocard01
,,0,2026-09-20T10:03:29.614547797Z,2026-09-20T10:33:29.614547797Z,2026-09-20T10:29:58Z,231,brightness,environment,oxocard01
,,0,2026-09-20T10:03:29.614547797Z,2026-09-20T10:33:29.614547797Z,2026-09-20T10:30:03Z,231,brightness,environment,oxocard01
,,0,2026-09-20T10:03:29.614547797Z,2026-09-20T10:33:29.614547797Z,2026-09-20T10:30:08Z,231,brightness,environment,oxocard01
,,0,2026-09-20T10:03:29.614547797Z,2026-09-20T10:33:29.614547797Z,2026-09-20T10:30:13Z,232,brightness,environment,oxocard01
,,0,2026-09-20T10:03:29.614547797Z,2026-09-20T10:33:29.614547797Z,2026-09-20T10:30:18Z,234,brightness,environment,oxocard01
,,0,2026-09-20T10:03:29.614547797Z,2026-09-20T10:33:29.614547797Z,2026-09-20T10:30:23Z,233,brightness,environment,oxocard01
,,0,2026-09-20T10:03:29.614547797Z,2026-09-20T10:33:29.614547797Z,2026-09-20T10:30:29Z,238,brightness,environment,oxocard01
,,0,2026-09-20T10:03:29.614547797Z,2026-09-20T10:33:29.614547797Z,2026-09-20T10:30:34Z,237,brightness,environment,oxocard01
,,0,2026-09-20T10:03:29.614547797Z,2026-09-20T10:33:29.614547797Z,2026-09-20T10:30:38Z,239,brightness,environment,oxocard01
,,0,2026-09-20T10:03:29.614547797Z,2026-09-20T10:33:29.614547797Z,2026-09-20T10:30:44Z,235,brightness,environment,oxocard01
,,0,2026-09-20T10:03:29.614547797Z,2026-09-20T10:33:29.614547797Z,2026-09-20T10:30:49Z,237,brightness,environment,oxocard01
,,0,2026-09-20T10:03:29.614547797Z,2026-09-20T10:33:29.614547797Z,2026-09-20T10:30:54Z,235,brightness,environment,oxocard01
,,0,2026-09-20T10:03:29.614547797Z,2026-09-20T10:33:29.614547797Z,2026-09-20T10:30:59Z,234,brightness,environment,oxocard01
,,0,2026-09-20T10:03:29.614547797Z,2026-09-20T10:33:29.614547797Z,2026-09-20T10:31:04Z,232,brightness,environment,oxocard01
,,0,2026-09-20T10:03:29.614547797Z,2026-09-20T10:33:29.614547797Z,2026-09-20T10:31:09Z,232,brightness,environment,oxocard01
,,0,2026-09-20T10:03:29.614547797Z,2026-09-20T10:33:29.614547797Z,2026-09-20T10:31:14Z,231,brightness,environment,oxocard01
,,0,2026-09-20T10:03:29.614547797Z,2026-09-20T10:33:29.614547797Z,2026-09-20T10:31:19Z,229,brightness,environment,oxocard01
,,0,2026-09-20T10:03:29.614547797Z,2026-09-20T10:33:29.614547797Z,2026-09-20T10:31:24Z,228,brightness,environment,oxocard01
,,0,2026-09-20T10:03:29.614547797Z,2026-09-20T10:33:29.614547797Z,2026-09-20T10:31:29Z,225,brightness,environment,oxocard01
,,0,2026-09-20T10:03:29.614547797Z,2026-09-20T10:33:29.614547797Z,2026-09-20T10:31:34Z,224,brightness,environment,oxocard01
,,0,2026-09-20T10:03:29.614547797Z,2026-09-20T10:33:29.614547797Z,2026-09-20T10:31:39Z,227,brightness,environment,oxocard01
,,0,2026-09-20T10:03:29.614547797Z,2026-09-20T10:33:29.614547797Z,2026-09-20T10:31:44Z,227,brightness,environment,oxocard01
,,0,2026-09-20T10:03:29.614547797Z,2026-09-20T10:33:29.614547797Z,2026-09-20T10:31:49Z,229,brightness,environment,oxocard01
,,0,2026-09-20T10:03:29.614547797Z,2026-09-20T10:33:29.614547797Z,2026-09-20T10:31:54Z,231,brightness,environment,oxocard01
,,0,2026-09-20T10:03:29.614547797Z,2026-09-20T10:33:29.614547797Z,2026-09-20T10:31:59Z,231,brightness,environment,oxocard01
,,0,2026-09-20T10:03:29.614547797Z,2026-09-20T10:33:29.614547797Z,2026-09-20T10:32:04Z,190,brightness,environment,oxocard01
,,0,2026-09-20T10:03:29.614547797Z,2026-09-20T10:33:29.614547797Z,2026-09-20T10:32:09Z,232,brightness,environment,oxocard01
,,0,2026-09-20T10:03:29.614547797Z,2026-09-20T10:33:29.614547797Z,2026-09-20T10:32:14Z,233,brightness,environment,oxocard01
,,0,2026-09-20T10:03:29.614547797Z,2026-09-20T10:33:29.614547797Z,2026-09-20T10:32:19Z,226,brightness,environment,oxocard01
,,0,2026-09-20T10:03:29.614547797Z,2026-09-20T10:33:29.614547797Z,2026-09-20T10:32:24Z,229,brightness,environment,oxocard01
,,0,2026-09-20T10:03:29.614547797Z,2026-09-20T10:33:29.614547797Z,2026-09-20T10:32:29Z,228,brightness,environment,oxocard01
,,0,2026-09-20T10:03:29.614547797Z,2026-09-20T10:33:29.614547797Z,2026-09-20T10:32:34Z,229,brightness,environment,oxocard01
,,0,2026-09-20T10:03:29.614547797Z,2026-09-20T10:33:29.614547797Z,2026-09-20T10:32:39Z,228,brightness,environment,oxocard01
,,0,2026-09-20T10:03:29.614547797Z,2026-09-20T10:33:29.614547797Z,2026-09-20T10:32:44Z,227,brightness,environment,oxocard01
,,0,2026-09-20T10:03:29.614547797Z,2026-09-20T10:33:29.614547797Z,2026-09-20T10:32:49Z,229,brightness,environment,oxocard01
,,0,2026-09-20T10:03:29.614547797Z,2026-09-20T10:33:29.614547797Z,2026-09-20T10:32:54Z,230,brightness,environment,oxocard01
,,0,2026-09-20T10:03:29.614547797Z,2026-09-20T10:33:29.614547797Z,2026-09-20T10:32:59Z,229,brightness,environment,oxocard01
,,0,2026-09-20T10:03:29.614547797Z,2026-09-20T10:33:29.614547797Z,2026-09-20T10:33:04Z,226,brightness,environment,oxocard01
,,0,2026-09-20T10:03:29.614547797Z,2026-09-20T10:33:29.614547797Z,2026-09-20T10:33:09Z,221,brightness,environment,oxocard01
,,0,2026-09-20T10:03:29.614547797Z,2026-09-20T10:33:29.614547797Z,2026-09-20T10:33:14Z,221,brightness,environment,oxocard01
,,0,2026-09-20T10:03:29.614547797Z,2026-09-20T10:33:29.614547797Z,2026-09-20T10:33:19Z,221,brightness,environment,oxocard01
,,0,2026-09-20T10:03:29.614547797Z,2026-09-20T10:33:29.614547797Z,2026-09-20T10:33:24Z,222,brightness,environment,oxocard01
,,0,2026-09-20T10:03:29.614547797Z,2026-09-20T10:33:29.614547797Z,2026-09-20T10:33:29Z,223,brightness,environment,oxocard01
,,1,2026-09-20T10:03:29.614547797Z,2026-09-20T10:33:29.614547797Z,2026-09-20T10:03:31Z,37.4,humidity,environment,oxocard01
,,1,2026-09-20T10:03:29.614547797Z,2026-09-20T10:33:29.614547797Z,2026-09-20T10:03:36Z,37.4,humidity,environment,oxocard01
,,1,2026-09-20T10:03:29.614547797Z,2026-09-20T10:33:29.614547797Z,2026-09-20T10:03:41Z,37.3,humidity,environment,oxocard01
,,1,2026-09-20T10:03:29.614547797Z,2026-09-20T10:33:29.614547797Z,2026-09-20T10:03:46Z,37.2,humidity,environment,oxocard01
,,1,2026-09-20T10:03:29.614547797Z,2026-09-20T10:33:29.614547797Z,2026-09-20T10:03:51Z,37.4,humidity,environment,oxocard01
,,1,2026-09-20T10:03:29.614547797Z,2026-09-20T10:33:29.614547797Z,2026-09-20T10:03:56Z,37.4,humidity,environment,oxocard01
,,1,2026-09-20T10:03:29.614547797Z,2026-09-20T10:33:29.614547797Z,2026-09-20T10:04:01Z,37.5,humidity,environment,oxocard01
,,1,2026-09-20T10:03:29.614547797Z,2026-09-20T10:33:29.614547797Z,2026-09-20T10:04:06Z,37.5,humidity,environment,oxocard01
,,1,2026-09-20T10:03:29.614547797Z,2026-09-20T10:33:29.614547797Z,2026-09-20T10:04:11Z,37.6,humidity,environment,oxocard01
,,1,2026-09-20T10:03:29.614547797Z,2026-09-20T10:33:29.614547797Z,2026-09-20T10:04:16Z,37.4,humidity,environment,oxocard01
,,1,2026-09-20T10:03:29.614547797Z,2026-09-20T10:33:29.614547797Z,2026-09-20T10:04:21Z,37.3,humidity,environment,oxocard01
,,1,2026-09-20T10:03:29.614547797Z,2026-09-20T10:33:29.614547797Z,2026-09-20T10:04:26Z,37.3,humidity,environment,oxocard01
,,1,2026-09-20T10:03:29.614547797Z,2026-09-20T10:33:29.614547797Z,2026-09-20T10:04:31Z,37.3,humidity,environment,oxocard01
,,1,2026-09-20T10:03:29.614547797Z,2026-09-20T10:33:29.614547797Z,2026-09-20T10:04:36Z,37.4,humidity,environment,oxocard01
,,1,2026-09-20T10:03:29.614547797Z,2026-09-20T10:33:29.614547797Z,2026-09-20T10:04:41Z,37.4,humidity,environment,oxocard01
,,1,2026-09-20T10:03:29.614547797Z,2026-09-20T10:33:29.614547797Z,2026-09-20T10:04:46Z,37.5,humidity,environment,oxocard01
,,1,2026-09-20T10:03:29.614547797Z,2026-09-20T10:33:29.614547797Z,2026-09-20T10:04:51Z,37.5,humidity,environment,oxocard01
,,1,2026-09-20T10:03:29.614547797Z,2026-09-20T10:33:29.614547797Z,2026-09-20T10:04:56Z,37.5,humidity,environment,oxocard01
,,1,2026-09-20T10:03:29.614547797Z,2026-09-20T10:33:29.614547797Z,2026-09-20T10:05:01Z,37.5,humidity,environment,oxocard01
,,1,2026-09-20T10:03:29.614547797Z,2026-09-20T10:33:29.614547797Z,2026-09-20T10:05:06Z,37.5,humidity,environment,oxocard01
,,1,2026-09-20T10:03:29.614547797Z,2026-09-20T10:33:29.614547797Z,2026-09-20T10:05:11Z,37.5,humidity,environment,oxocard01
,,1,2026-09-20T10:03:29.614547797Z,2026-09-20T10:33:29.614547797Z,2026-09-20T10:05:16Z,37.4,humidity,environment,oxocard01
,,1,2026-09-20T10:03:29.614547797Z,2026-09-20T10:33:29.614547797Z,2026-09-20T10:05:21Z,37.4,humidity,environment,oxocard01
,,1,2026-09-20T10:03:29.614547797Z,2026-09-20T10:33:29.614547797Z,2026-09-20T10:05:26Z,37.4,humidity,environment,oxocard01
,,1,2026-09-20T10:03:29.614547797Z,2026-09-20T10:33:29.614547797Z,2026-09-20T10:05:31Z,37.3,humidity,environment,oxocard01
,,1,2026-09-20T10:03:29.614547797Z,2026-09-20T10:33:29.614547797Z,2026-09-20T10:05:36Z,37.4,humidity,environment,oxocard01
,,1,2026-09-20T10:03:29.614547797Z,2026-09-20T10:33:29.614547797Z,2026-09-20T10:05:41Z,37.4,humidity,environment,oxocard01
,,1,2026-09-20T10:03:29.614547797Z,2026-09-20T10:33:29.614547797Z,2026-09-20T10:05:46Z,37.3,humidity,environment,oxocard01
,,1,2026-09-20T10:03:29.614547797Z,2026-09-20T10:33:29.614547797Z,2026-09-20T10:05:51Z,37.3,humidity,environment,oxocard01
,,1,2026-09-20T10:03:29.614547797Z,2026-09-20T10:33:29.614547797Z,2026-09-20T10:05:56Z,37.3,humidity,environment,oxocard01
,,1,2026-09-20T10:03:29.614547797Z,2026-09-20T10:33:29.614547797Z,2026-09-20T10:06:01Z,37.3,humidity,environment,oxocard01
,,1,2026-09-20T10:03:29.614547797Z,2026-09-20T10:33:29.614547797Z,2026-09-20T10:06:06Z,37.1,humidity,environment,oxocard01
,,1,2026-09-20T10:03:29.614547797Z,2026-09-20T10:33:29.614547797Z,2026-09-20T10:06:11Z,37,humidity,environment,oxocard01
,,1,2026-09-20T10:03:29.614547797Z,2026-09-20T10:33:29.614547797Z,2026-09-20T10:06:16Z,37,humidity,environment,oxocard01
,,1,2026-09-20T10:03:29.614547797Z,2026-09-20T10:33:29.614547797Z,2026-09-20T10:06:21Z,37,humidity,environment,oxocard01
,,1,2026-09-20T10:03:29.614547797Z,2026-09-20T10:33:29.614547797Z,2026-09-20T10:06:26Z,37,humidity,environment,oxocard01
,,1,2026-09-20T10:03:29.614547797Z,2026-09-20T10:33:29.614547797Z,2026-09-20T10:06:31Z,37.1,humidity,environment,oxocard01
,,1,2026-09-20T10:03:29.614547797Z,2026-09-20T10:33:29.614547797Z,2026-09-20T10:06:36Z,37.1,humidity,environment,oxocard01
,,1,2026-09-20T10:03:29.614547797Z,2026-09-20T10:33:29.614547797Z,2026-09-20T10:06:41Z,37.1,humidity,environment,oxocard01
,,1,2026-09-20T10:03:29.614547797Z,2026-09-20T10:33:29.614547797Z,2026-09-20T10:06:47Z,37.1,humidity,environment,oxocard01
,,1,2026-09-20T10:03:29.614547797Z,2026-09-20T10:33:29.614547797Z,2026-09-20T10:06:51Z,37.1,humidity,environment,oxocard01
,,1,2026-09-20T10:03:29.614547797Z,2026-09-20T10:33:29.614547797Z,2026-09-20T10:06:56Z,37.1,humidity,environment,oxocard01
,,1,2026-09-20T10:03:29.614547797Z,2026-09-20T10:33:29.614547797Z,2026-09-20T10:07:01Z,37.1,humidity,environment,oxocard01
,,1,2026-09-20T10:03:29.614547797Z,2026-09-20T10:33:29.614547797Z,2026-09-20T10:07:06Z,36.9,humidity,environment,oxocard01
,,1,2026-09-20T10:03:29.614547797Z,2026-09-20T10:33:29.614547797Z,2026-09-20T10:07:11Z,37,humidity,environment,oxocard01
,,1,2026-09-20T10:03:29.614547797Z,2026-09-20T10:33:29.614547797Z,2026-09-20T10:07:16Z,37,humidity,environment,oxocard01
,,1,2026-09-20T10:03:29.614547797Z,2026-09-20T10:33:29.614547797Z,2026-09-20T10:07:21Z,37.1,humidity,environment,oxocard01
,,1,2026-09-20T10:03:29.614547797Z,2026-09-20T10:33:29.614547797Z,2026-09-20T10:07:26Z,37,humidity,environment,oxocard01
,,1,2026-09-20T10:03:29.614547797Z,2026-09-20T10:33:29.614547797Z,2026-09-20T10:07:32Z,37.1,humidity,environment,oxocard01
,,1,2026-09-20T10:03:29.614547797Z,2026-09-20T10:33:29.614547797Z,2026-09-20T10:07:37Z,37.3,humidity,environment,oxocard01
,,1,2026-09-20T10:03:29.614547797Z,2026-09-20T10:33:29.614547797Z,2026-09-20T10:07:42Z,37.2,humidity,environment,oxocard01
,,1,2026-09-20T10:03:29.614547797Z,2026-09-20T10:33:29.614547797Z,2026-09-20T10:07:47Z,37.2,humidity,environment,oxocard01
,,1,2026-09-20T10:03:29.614547797Z,2026-09-20T10:33:29.614547797Z,2026-09-20T10:07:52Z,37.3,humidity,environment,oxocard01
,,1,2026-09-20T10:03:29.614547797Z,2026-09-20T10:33:29.614547797Z,2026-09-20T10:07:57Z,37.5,humidity,environment,oxocard01
,,1,2026-09-20T10:03:29.614547797Z,2026-09-20T10:33:29.614547797Z,2026-09-20T10:08:02Z,37.5,humidity,environment,oxocard01
,,1,2026-09-20T10:03:29.614547797Z,2026-09-20T10:33:29.614547797Z,2026-09-20T10:08:07Z,37.7,humidity,environment,oxocard01
,,1,2026-09-20T10:03:29.614547797Z,2026-09-20T10:33:29.614547797Z,2026-09-20T10:08:12Z,37.7,humidity,environment,oxocard01
,,1,2026-09-20T10:03:29.614547797Z,2026-09-20T10:33:29.614547797Z,2026-09-20T10:08:17Z,37.7,humidity,environment,oxocard01
,,1,2026-09-20T10:03:29.614547797Z,2026-09-20T10:33:29.614547797Z,2026-09-20T10:08:22Z,37.8,humidity,environment,oxocard01
,,1,2026-09-20T10:03:29.614547797Z,2026-09-20T10:33:29.614547797Z,2026-09-20T10:08:27Z,37.8,humidity,environment,oxocard01
,,1,2026-09-20T10:03:29.614547797Z,2026-09-20T10:33:29.614547797Z,2026-09-20T10:08:32Z,38,humidity,environment,oxocard01
,,1,2026-09-20T10:03:29.614547797Z,2026-09-20T10:33:29.614547797Z,2026-09-20T10:08:37Z,38,humidity,environment,oxocard01
,,1,2026-09-20T10:03:29.614547797Z,2026-09-20T10:33:29.614547797Z,2026-09-20T10:08:42Z,38.1,humidity,environment,oxocard01
,,1,2026-09-20T10:03:29.614547797Z,2026-09-20T10:33:29.614547797Z,2026-09-20T10:08:47Z,38.2,humidity,environment,oxocard01
,,1,2026-09-20T10:03:29.614547797Z,2026-09-20T10:33:29.614547797Z,2026-09-20T10:08:52Z,38.1,humidity,environment,oxocard01
,,1,2026-09-20T10:03:29.614547797Z,2026-09-20T10:33:29.614547797Z,2026-09-20T10:08:57Z,38.2,humidity,environment,oxocard01
,,1,2026-09-20T10:03:29.614547797Z,2026-09-20T10:33:29.614547797Z,2026-09-20T10:09:02Z,38.3,humidity,environment,oxocard01
,,1,2026-09-20T10:03:29.614547797Z,2026-09-20T10:33:29.614547797Z,2026-09-20T10:09:07Z,38.5,humidity,environment,oxocard01
,,1,2026-09-20T10:03:29.614547797Z,2026-09-20T10:33:29.614547797Z,2026-09-20T10:09:12Z,38.6,humidity,environment,oxocard01
,,1,2026-09-20T10:03:29.614547797Z,2026-09-20T10:33:29.614547797Z,2026-09-20T10:09:17Z,38.6,humidity,environment,oxocard01
,,1,2026-09-20T10:03:29.614547797Z,2026-09-20T10:33:29.614547797Z,2026-09-20T10:09:22Z,38.6,humidity,environment,oxocard01
,,1,2026-09-20T10:03:29.614547797Z,2026-09-20T10:33:29.614547797Z,2026-09-20T10:09:27Z,38.6,humidity,environment,oxocard01
,,1,2026-09-20T10:03:29.614547797Z,2026-09-20T10:33:29.614547797Z,2026-09-20T10:09:32Z,38.5,humidity,environment,oxocard01
,,1,2026-09-20T10:03:29.614547797Z,2026-09-20T10:33:29.614547797Z,2026-09-20T10:09:37Z,38.5,humidity,environment,oxocard01
,,1,2026-09-20T10:03:29.614547797Z,2026-09-20T10:33:29.614547797Z,2026-09-20T10:09:42Z,38.5,humidity,environment,oxocard01
,,1,2026-09-20T10:03:29.614547797Z,2026-09-20T10:33:29.614547797Z,2026-09-20T10:09:47Z,38.4,humidity,environment,oxocard01
,,1,2026-09-20T10:03:29.614547797Z,2026-09-20T10:33:29.614547797Z,2026-09-20T10:09:52Z,38.5,humidity,environment,oxocard01
,,1,2026-09-20T10:03:29.614547797Z,2026-09-20T10:33:29.614547797Z,2026-09-20T10:09:57Z,38.4,humidity,environment,oxocard01
,,1,2026-09-20T10:03:29.614547797Z,2026-09-20T10:33:29.614547797Z,2026-09-20T10:10:02Z,38.5,humidity,environment,oxocard01
,,1,2026-09-20T10:03:29.614547797Z,2026-09-20T10:33:29.614547797Z,2026-09-20T10:10:07Z,38.5,humidity,environment,oxocard01
,,1,2026-09-20T10:03:29.614547797Z,2026-09-20T10:33:29.614547797Z,2026-09-20T10:10:12Z,38.6,humidity,environment,oxocard01
,,1,2026-09-20T10:03:29.614547797Z,2026-09-20T10:33:29.614547797Z,2026-09-20T10:10:17Z,38.6,humidity,environment,oxocard01
,,1,2026-09-20T10:03:29.614547797Z,2026-09-20T10:33:29.614547797Z,2026-09-20T10:10:22Z,38.6,humidity,environment,oxocard01
,,1,2026-09-20T10:03:29.614547797Z,2026-09-20T10:33:29.614547797Z,2026-09-20T10:10:27Z,38.5,humidity,environment,oxocard01
,,1,2026-09-20T10:03:29.614547797Z,2026-09-20T10:33:29.614547797Z,2026-09-20T10:10:32Z,38.6,humidity,environment,oxocard01
,,1,2026-09-20T10:03:29.614547797Z,2026-09-20T10:33:29.614547797Z,2026-09-20T10:10:37Z,38.6,humidity,environment,oxocard01
,,1,2026-09-20T10:03:29.614547797Z,2026-09-20T10:33:29.614547797Z,2026-09-20T10:10:42Z,38.6,humidity,environment,oxocard01
,,1,2026-09-20T10:03:29.614547797Z,2026-09-20T10:33:29.614547797Z,2026-09-20T10:10:47Z,38.6,humidity,environment,oxocard01
,,1,2026-09-20T10:03:29.614547797Z,2026-09-20T10:33:29.614547797Z,2026-09-20T10:10:52Z,38.5,humidity,environment,oxocard01
,,1,2026-09-20T10:03:29.614547797Z,2026-09-20T10:33:29.614547797Z,2026-09-20T10:10:58Z,38.5,humidity,environment,oxocard01
,,1,2026-09-20T10:03:29.614547797Z,2026-09-20T10:33:29.614547797Z,2026-09-20T10:11:02Z,38.4,humidity,environment,oxocard01
,,1,2026-09-20T10:03:29.614547797Z,2026-09-20T10:33:29.614547797Z,2026-09-20T10:11:07Z,38.4,humidity,environment,oxocard01
,,1,2026-09-20T10:03:29.614547797Z,2026-09-20T10:33:29.614547797Z,2026-09-20T10:11:12Z,38.4,humidity,environment,oxocard01
,,1,2026-09-20T10:03:29.614547797Z,2026-09-20T10:33:29.614547797Z,2026-09-20T10:11:17Z,38.6,humidity,environment,oxocard01
,,1,2026-09-20T10:03:29.614547797Z,2026-09-20T10:33:29.614547797Z,2026-09-20T10:11:22Z,38.6,humidity,environment,oxocard01
,,1,2026-09-20T10:03:29.614547797Z,2026-09-20T10:33:29.614547797Z,2026-09-20T10:11:27Z,38.6,humidity,environment,oxocard01
,,1,2026-09-20T10:03:29.614547797Z,2026-09-20T10:33:29.614547797Z,2026-09-20T10:11:32Z,38.6,humidity,environment,oxocard01
,,1,2026-09-20T10:03:29.614547797Z,2026-09-20T10:33:29.614547797Z,2026-09-20T10:11:37Z,38.6,humidity,environment,oxocard01
,,1,2026-09-20T10:03:29.614547797Z,2026-09-20T10:33:29.614547797Z,2026-09-20T10:11:42Z,38.6,humidity,environment,oxocard01
,,1,2026-09-20T10:03:29.614547797Z,2026-09-20T10:33:29.614547797Z,2026-09-20T10:11:48Z,38.6,humidity,environment,oxocard01
,,1,2026-09-20T10:03:29.614547797Z,2026-09-20T10:33:29.614547797Z,2026-09-20T10:11:53Z,38.6,humidity,environment,oxocard01
,,1,2026-09-20T10:03:29.614547797Z,2026-09-20T10:33:29.614547797Z,2026-09-20T10:11:58Z,38.6,humidity,environment,oxocard01
,,1,2026-09-20T10:03:29.614547797Z,2026-09-20T10:33:29.614547797Z,2026-09-20T10:12:03Z,38.6,humidity,environment,oxocard01
,,1,2026-09-20T10:03:29.614547797Z,2026-09-20T10:33:29.614547797Z,2026-09-20T10:12:08Z,38.6,humidity,environment,oxocard01
,,1,2026-09-20T10:03:29.614547797Z,2026-09-20T10:33:29.614547797Z,2026-09-20T10:12:13Z,38.6,humidity,environment,oxocard01
,,1,2026-09-20T10:03:29.614547797Z,2026-09-20T10:33:29.614547797Z,2026-09-20T10:12:18Z,38.6,humidity,environment,oxocard01
,,1,2026-09-20T10:03:29.614547797Z,2026-09-20T10:33:29.614547797Z,2026-09-20T10:12:23Z,38.6,humidity,environment,oxocard01
,,1,2026-09-20T10:03:29.614547797Z,2026-09-20T10:33:29.614547797Z,2026-09-20T10:12:28Z,38.6,humidity,environment,oxocard01
,,1,2026-09-20T10:03:29.614547797Z,2026-09-20T10:33:29.614547797Z,2026-09-20T10:12:33Z,38.5,humidity,environment,oxocard01
,,1,2026-09-20T10:03:29.614547797Z,2026-09-20T10:33:29.614547797Z,2026-09-20T10:12:38Z,38.4,humidity,environment,oxocard01
,,1,2026-09-20T10:03:29.614547797Z,2026-09-20T10:33:29.614547797Z,2026-09-20T10:12:43Z,38.5,humidity,environment,oxocard01
,,1,2026-09-20T10:03:29.614547797Z,2026-09-20T10:33:29.614547797Z,2026-09-20T10:12:48Z,38.6,humidity,environment,oxocard01
,,1,2026-09-20T10:03:29.614547797Z,2026-09-20T10:33:29.614547797Z,2026-09-20T10:12:53Z,38.7,humidity,environment,oxocard01
,,1,2026-09-20T10:03:29.614547797Z,2026-09-20T10:33:29.614547797Z,2026-09-20T10:12:58Z,38.6,humidity,environment,oxocard01
,,1,2026-09-20T10:03:29.614547797Z,2026-09-20T10:33:29.614547797Z,2026-09-20T10:13:03Z,38.5,humidity,environment,oxocard01
,,1,2026-09-20T10:03:29.614547797Z,2026-09-20T10:33:29.614547797Z,2026-09-20T10:13:08Z,38.5,humidity,environment,oxocard01
,,1,2026-09-20T10:03:29.614547797Z,2026-09-20T10:33:29.614547797Z,2026-09-20T10:13:13Z,38.6,humidity,environment,oxocard01
,,1,2026-09-20T10:03:29.614547797Z,2026-09-20T10:33:29.614547797Z,2026-09-20T10:13:18Z,38.5,humidity,environment,oxocard01
,,1,2026-09-20T10:03:29.614547797Z,2026-09-20T10:33:29.614547797Z,2026-09-20T10:13:23Z,38.5,humidity,environment,oxocard01
,,1,2026-09-20T10:03:29.614547797Z,2026-09-20T10:33:29.614547797Z,2026-09-20T10:13:28Z,38.6,humidity,environment,oxocard01
,,1,2026-09-20T10:03:29.614547797Z,2026-09-20T10:33:29.614547797Z,2026-09-20T10:13:33Z,38.5,humidity,environment,oxocard01
,,1,2026-09-20T10:03:29.614547797Z,2026-09-20T10:33:29.614547797Z,2026-09-20T10:13:38Z,38.5,humidity,environment,oxocard01
,,1,2026-09-20T10:03:29.614547797Z,2026-09-20T10:33:29.614547797Z,2026-09-20T10:13:43Z,38.5,humidity,environment,oxocard01
,,1,2026-09-20T10:03:29.614547797Z,2026-09-20T10:33:29.614547797Z,2026-09-20T10:13:48Z,38.5,humidity,environment,oxocard01
,,1,2026-09-20T10:03:29.614547797Z,2026-09-20T10:33:29.614547797Z,2026-09-20T10:13:53Z,38.5,humidity,environment,oxocard01
,,1,2026-09-20T10:03:29.614547797Z,2026-09-20T10:33:29.614547797Z,2026-09-20T10:13:58Z,38.6,humidity,environment,oxocard01
,,1,2026-09-20T10:03:29.614547797Z,2026-09-20T10:33:29.614547797Z,2026-09-20T10:14:03Z,38.6,humidity,environment,oxocard01
,,1,2026-09-20T10:03:29.614547797Z,2026-09-20T10:33:29.614547797Z,2026-09-20T10:14:08Z,38.5,humidity,environment,oxocard01
,,1,2026-09-20T10:03:29.614547797Z,2026-09-20T10:33:29.614547797Z,2026-09-20T10:14:13Z,38.5,humidity,environment,oxocard01
,,1,2026-09-20T10:03:29.614547797Z,2026-09-20T10:33:29.614547797Z,2026-09-20T10:14:18Z,38.4,humidity,environment,oxocard01
,,1,2026-09-20T10:03:29.614547797Z,2026-09-20T10:33:29.614547797Z,2026-09-20T10:14:23Z,38.4,humidity,environment,oxocard01
,,1,2026-09-20T10:03:29.614547797Z,2026-09-20T10:33:29.614547797Z,2026-09-20T10:14:28Z,38.3,humidity,environment,oxocard01
,,1,2026-09-20T10:03:29.614547797Z,2026-09-20T10:33:29.614547797Z,2026-09-20T10:14:33Z,38.3,humidity,environment,oxocard01
,,1,2026-09-20T10:03:29.614547797Z,2026-09-20T10:33:29.614547797Z,2026-09-20T10:14:38Z,38.3,humidity,environment,oxocard01
,,1,2026-09-20T10:03:29.614547797Z,2026-09-20T10:33:29.614547797Z,2026-09-20T10:14:43Z,38.3,humidity,environment,oxocard01
,,1,2026-09-20T10:03:29.614547797Z,2026-09-20T10:33:29.614547797Z,2026-09-20T10:14:48Z,38.3,humidity,environment,oxocard01
,,1,2026-09-20T10:03:29.614547797Z,2026-09-20T10:33:29.614547797Z,2026-09-20T10:14:53Z,38.2,humidity,environment,oxocard01
,,1,2026-09-20T10:03:29.614547797Z,2026-09-20T10:33:29.614547797Z,2026-09-20T10:14:58Z,38.2,humidity,environment,oxocard01
,,1,2026-09-20T10:03:29.614547797Z,2026-09-20T10:33:29.614547797Z,2026-09-20T10:15:03Z,38.2,humidity,environment,oxocard01
,,1,2026-09-20T10:03:29.614547797Z,2026-09-20T10:33:29.614547797Z,2026-09-20T10:15:08Z,38.3,humidity,environment,oxocard01
,,1,2026-09-20T10:03:29.614547797Z,2026-09-20T10:33:29.614547797Z,2026-09-20T10:15:13Z,38.3,humidity,environment,oxocard01
,,1,2026-09-20T10:03:29.614547797Z,2026-09-20T10:33:29.614547797Z,2026-09-20T10:15:18Z,38.3,humidity,environment,oxocard01
,,1,2026-09-20T10:03:29.614547797Z,2026-09-20T10:33:29.614547797Z,2026-09-20T10:15:23Z,38.4,humidity,environment,oxocard01
,,1,2026-09-20T10:03:29.614547797Z,2026-09-20T10:33:29.614547797Z,2026-09-20T10:15:28Z,38.4,humidity,environment,oxocard01
,,1,2026-09-20T10:03:29.614547797Z,2026-09-20T10:33:29.614547797Z,2026-09-20T10:15:33Z,38.4,humidity,environment,oxocard01
,,1,2026-09-20T10:03:29.614547797Z,2026-09-20T10:33:29.614547797Z,2026-09-20T10:15:39Z,38.4,humidity,environment,oxocard01
,,1,2026-09-20T10:03:29.614547797Z,2026-09-20T10:33:29.614547797Z,2026-09-20T10:15:43Z,38.3,humidity,environment,oxocard01
,,1,2026-09-20T10:03:29.614547797Z,2026-09-20T10:33:29.614547797Z,2026-09-20T10:15:48Z,38.3,humidity,environment,oxocard01
,,1,2026-09-20T10:03:29.614547797Z,2026-09-20T10:33:29.614547797Z,2026-09-20T10:15:53Z,38.3,humidity,environment,oxocard01
,,1,2026-09-20T10:03:29.614547797Z,2026-09-20T10:33:29.614547797Z,2026-09-20T10:15:58Z,38.3,humidity,environment,oxocard01
,,1,2026-09-20T10:03:29.614547797Z,2026-09-20T10:33:29.614547797Z,2026-09-20T10:16:03Z,38.3,humidity,environment,oxocard01
,,1,2026-09-20T10:03:29.614547797Z,2026-09-20T10:33:29.614547797Z,2026-09-20T10:16:08Z,38.3,humidity,environment,oxocard01
,,1,2026-09-20T10:03:29.614547797Z,2026-09-20T10:33:29.614547797Z,2026-09-20T10:16:13Z,38.2,humidity,environment,oxocard01
,,1,2026-09-20T10:03:29.614547797Z,2026-09-20T10:33:29.614547797Z,2026-09-20T10:16:18Z,38.2,humidity,environment,oxocard01
,,1,2026-09-20T10:03:29.614547797Z,2026-09-20T10:33:29.614547797Z,2026-09-20T10:16:24Z,38.2,humidity,environment,oxocard01
,,1,2026-09-20T10:03:29.614547797Z,2026-09-20T10:33:29.614547797Z,2026-09-20T10:16:29Z,38.2,humidity,environment,oxocard01
,,1,2026-09-20T10:03:29.614547797Z,2026-09-20T10:33:29.614547797Z,2026-09-20T10:16:34Z,38.2,humidity,environment,oxocard01
,,1,2026-09-20T10:03:29.614547797Z,2026-09-20T10:33:29.614547797Z,2026-09-20T10:16:39Z,38.2,humidity,environment,oxocard01
,,1,2026-09-20T10:03:29.614547797Z,2026-09-20T10:33:29.614547797Z,2026-09-20T10:16:44Z,38.2,humidity,environment,oxocard01
,,1,2026-09-20T10:03:29.614547797Z,2026-09-20T10:33:29.614547797Z,2026-09-20T10:16:49Z,38.2,humidity,environment,oxocard01
,,1,2026-09-20T10:03:29.614547797Z,2026-09-20T10:33:29.614547797Z,2026-09-20T10:16:54Z,38.3,humidity,environment,oxocard01
,,1,2026-09-20T10:03:29.614547797Z,2026-09-20T10:33:29.614547797Z,2026-09-20T10:16:59Z,38.2,humidity,environment,oxocard01
,,1,2026-09-20T10:03:29.614547797Z,2026-09-20T10:33:29.614547797Z,2026-09-20T10:17:04Z,38.3,humidity,environment,oxocard01
,,1,2026-09-20T10:03:29.614547797Z,2026-09-20T10:33:29.614547797Z,2026-09-20T10:17:09Z,38.3,humidity,environment,oxocard01
,,1,2026-09-20T10:03:29.614547797Z,2026-09-20T10:33:29.614547797Z,2026-09-20T10:17:14Z,38.3,humidity,environment,oxocard01
,,1,2026-09-20T10:03:29.614547797Z,2026-09-20T10:33:29.614547797Z,2026-09-20T10:17:19Z,38.3,humidity,environment,oxocard01
,,1,2026-09-20T10:03:29.614547797Z,2026-09-20T10:33:29.614547797Z,2026-09-20T10:17:24Z,38.3,humidity,environment,oxocard01
,,1,2026-09-20T10:03:29.614547797Z,2026-09-20T10:33:29.614547797Z,2026-09-20T10:17:29Z,38.3,humidity,environment,oxocard01
,,1,2026-09-20T10:03:29.614547797Z,2026-09-20T10:33:29.614547797Z,2026-09-20T10:17:34Z,38.3,humidity,environment,oxocard01
,,1,2026-09-20T10:03:29.614547797Z,2026-09-20T10:33:29.614547797Z,2026-09-20T10:17:39Z,38.4,humidity,environment,oxocard01
,,1,2026-09-20T10:03:29.614547797Z,2026-09-20T10:33:29.614547797Z,2026-09-20T10:17:44Z,38.4,humidity,environment,oxocard01
,,1,2026-09-20T10:03:29.614547797Z,2026-09-20T10:33:29.614547797Z,2026-09-20T10:17:49Z,38.3,humidity,environment,oxocard01
,,1,2026-09-20T10:03:29.614547797Z,2026-09-20T10:33:29.614547797Z,2026-09-20T10:17:54Z,38.4,humidity,environment,oxocard01
,,1,2026-09-20T10:03:29.614547797Z,2026-09-20T10:33:29.614547797Z,2026-09-20T10:17:59Z,38.3,humidity,environment,oxocard01
,,1,2026-09-20T10:03:29.614547797Z,2026-09-20T10:33:29.614547797Z,2026-09-20T10:18:04Z,38.3,humidity,environment,oxocard01
,,1,2026-09-20T10:03:29.614547797Z,2026-09-20T10:33:29.614547797Z,2026-09-20T10:18:09Z,38.2,humidity,environment,oxocard01
,,1,2026-09-20T10:03:29.614547797Z,2026-09-20T10:33:29.614547797Z,2026-09-20T10:18:14Z,38.2,humidity,environment,oxocard01
,,1,2026-09-20T10:03:29.614547797Z,2026-09-20T10:33:29.614547797Z,2026-09-20T10:18:19Z,38.2,humidity,environment,oxocard01
,,1,2026-09-20T10:03:29.614547797Z,2026-09-20T10:33:29.614547797Z,2026-09-20T10:18:24Z,38.3,humidity,environment,oxocard01
,,1,2026-09-20T10:03:29.614547797Z,2026-09-20T10:33:29.614547797Z,2026-09-20T10:18:29Z,38.3,humidity,environment,oxocard01
,,1,2026-09-20T10:03:29.614547797Z,2026-09-20T10:33:29.614547797Z,2026-09-20T10:18:34Z,38.4,humidity,environment,oxocard01
,,1,2026-09-20T10:03:29.614547797Z,2026-09-20T10:33:29.614547797Z,2026-09-20T10:18:39Z,38.3,humidity,environment,oxocard01
,,1,2026-09-20T10:03:29.614547797Z,2026-09-20T10:33:29.614547797Z,2026-09-20T10:18:44Z,38.4,humidity,environment,oxocard01
,,1,2026-09-20T10:03:29.614547797Z,2026-09-20T10:33:29.614547797Z,2026-09-20T10:18:49Z,38.5,humidity,environment,oxocard01
,,1,2026-09-20T10:03:29.614547797Z,2026-09-20T10:33:29.614547797Z,2026-09-20T10:18:55Z,38.3,humidity,environment,oxocard01
,,1,2026-09-20T10:03:29.614547797Z,2026-09-20T10:33:29.614547797Z,2026-09-20T10:19:00Z,38.3,humidity,environment,oxocard01
,,1,2026-09-20T10:03:29.614547797Z,2026-09-20T10:33:29.614547797Z,2026-09-20T10:19:05Z,38.3,humidity,environment,oxocard01
,,1,2026-09-20T10:03:29.614547797Z,2026-09-20T10:33:29.614547797Z,2026-09-20T10:19:10Z,38.4,humidity,environment,oxocard01
,,1,2026-09-20T10:03:29.614547797Z,2026-09-20T10:33:29.614547797Z,2026-09-20T10:19:14Z,38.4,humidity,environment,oxocard01
,,1,2026-09-20T10:03:29.614547797Z,2026-09-20T10:33:29.614547797Z,2026-09-20T10:19:19Z,38.3,humidity,environment,oxocard01
,,1,2026-09-20T10:03:29.614547797Z,2026-09-20T10:33:29.614547797Z,2026-09-20T10:19:25Z,38.4,humidity,environment,oxocard01
,,1,2026-09-20T10:03:29.614547797Z,2026-09-20T10:33:29.614547797Z,2026-09-20T10:19:29Z,38.3,humidity,environment,oxocard01
,,1,2026-09-20T10:03:29.614547797Z,2026-09-20T10:33:29.614547797Z,2026-09-20T10:19:34Z,38.2,humidity,environment,oxocard01
,,1,2026-09-20T10:03:29.614547797Z,2026-09-20T10:33:29.614547797Z,2026-09-20T10:19:40Z,38.3,humidity,environment,oxocard01
,,1,2026-09-20T10:03:29.614547797Z,2026-09-20T10:33:29.614547797Z,2026-09-20T10:19:45Z,38.3,humidity,environment,oxocard01
,,1,2026-09-20T10:03:29.614547797Z,2026-09-20T10:33:29.614547797Z,2026-09-20T10:19:50Z,38.4,humidity,environment,oxocard01
,,1,2026-09-20T10:03:29.614547797Z,2026-09-20T10:33:29.614547797Z,2026-09-20T10:19:55Z,38.4,humidity,environment,oxocard01
,,1,2026-09-20T10:03:29.614547797Z,2026-09-20T10:33:29.614547797Z,2026-09-20T10:20:00Z,38.5,humidity,environment,oxocard01
,,1,2026-09-20T10:03:29.614547797Z,2026-09-20T10:33:29.614547797Z,2026-09-20T10:20:05Z,38.5,humidity,environment,oxocard01
,,1,2026-09-20T10:03:29.614547797Z,2026-09-20T10:33:29.614547797Z,2026-09-20T10:20:10Z,38.6,humidity,environment,oxocard01
,,1,2026-09-20T10:03:29.614547797Z,2026-09-20T10:33:29.614547797Z,2026-09-20T10:20:15Z,38.7,humidity,environment,oxocard01
,,1,2026-09-20T10:03:29.614547797Z,2026-09-20T10:33:29.614547797Z,2026-09-20T10:20:20Z,38.7,humidity,environment,oxocard01
,,1,2026-09-20T10:03:29.614547797Z,2026-09-20T10:33:29.614547797Z,2026-09-20T10:20:25Z,38.8,humidity,environment,oxocard01
,,1,2026-09-20T10:03:29.614547797Z,2026-09-20T10:33:29.614547797Z,2026-09-20T10:20:30Z,38.8,humidity,environment,oxocard01
,,1,2026-09-20T10:03:29.614547797Z,2026-09-20T10:33:29.614547797Z,2026-09-20T10:20:35Z,38.7,humidity,environment,oxocard01
,,1,2026-09-20T10:03:29.614547797Z,2026-09-20T10:33:29.614547797Z,2026-09-20T10:20:40Z,38.7,humidity,environment,oxocard01
,,1,2026-09-20T10:03:29.614547797Z,2026-09-20T10:33:29.614547797Z,2026-09-20T10:20:45Z,38.6,humidity,environment,oxocard01
,,1,2026-09-20T10:03:29.614547797Z,2026-09-20T10:33:29.614547797Z,2026-09-20T10:20:50Z,38.6,humidity,environment,oxocard01
,,1,2026-09-20T10:03:29.614547797Z,2026-09-20T10:33:29.614547797Z,2026-09-20T10:20:56Z,38.6,humidity,environment,oxocard01
,,1,2026-09-20T10:03:29.614547797Z,2026-09-20T10:33:29.614547797Z,2026-09-20T10:21:00Z,38.4,humidity,environment,oxocard01
,,1,2026-09-20T10:03:29.614547797Z,2026-09-20T10:33:29.614547797Z,2026-09-20T10:21:05Z,38.5,humidity,environment,oxocard01
,,1,2026-09-20T10:03:29.614547797Z,2026-09-20T10:33:29.614547797Z,2026-09-20T10:21:10Z,38.4,humidity,environment,oxocard01
,,1,2026-09-20T10:03:29.614547797Z,2026-09-20T10:33:29.614547797Z,2026-09-20T10:21:15Z,38.5,humidity,environment,oxocard01
,,1,2026-09-20T10:03:29.614547797Z,2026-09-20T10:33:29.614547797Z,2026-09-20T10:21:21Z,38.6,humidity,environment,oxocard01
,,1,2026-09-20T10:03:29.614547797Z,2026-09-20T10:33:29.614547797Z,2026-09-20T10:21:26Z,38.9,humidity,environment,oxocard01
,,1,2026-09-20T10:03:29.614547797Z,2026-09-20T10:33:29.614547797Z,2026-09-20T10:21:31Z,38.6,humidity,environment,oxocard01
,,1,2026-09-20T10:03:29.614547797Z,2026-09-20T10:33:29.614547797Z,2026-09-20T10:21:36Z,38.5,humidity,environment,oxocard01
,,1,2026-09-20T10:03:29.614547797Z,2026-09-20T10:33:29.614547797Z,2026-09-20T10:21:41Z,38.6,humidity,environment,oxocard01
,,1,2026-09-20T10:03:29.614547797Z,2026-09-20T10:33:29.614547797Z,2026-09-20T10:21:46Z,38.6,humidity,environment,oxocard01
,,1,2026-09-20T10:03:29.614547797Z,2026-09-20T10:33:29.614547797Z,2026-09-20T10:21:51Z,38.6,humidity,environment,oxocard01
,,1,2026-09-20T10:03:29.614547797Z,2026-09-20T10:33:29.614547797Z,2026-09-20T10:21:56Z,38.6,humidity,environment,oxocard01
,,1,2026-09-20T10:03:29.614547797Z,2026-09-20T10:33:29.614547797Z,2026-09-20T10:22:01Z,38.5,humidity,environment,oxocard01
,,1,2026-09-20T10:03:29.614547797Z,2026-09-20T10:33:29.614547797Z,2026-09-20T10:22:06Z,38.5,humidity,environment,oxocard01
,,1,2026-09-20T10:03:29.614547797Z,2026-09-20T10:33:29.614547797Z,2026-09-20T10:22:11Z,38.5,humidity,environment,oxocard01
,,1,2026-09-20T10:03:29.614547797Z,2026-09-20T10:33:29.614547797Z,2026-09-20T10:22:16Z,38.5,humidity,environment,oxocard01
,,1,2026-09-20T10:03:29.614547797Z,2026-09-20T10:33:29.614547797Z,2026-09-20T10:22:21Z,38.5,humidity,environment,oxocard01
,,1,2026-09-20T10:03:29.614547797Z,2026-09-20T10:33:29.614547797Z,2026-09-20T10:22:26Z,38.5,humidity,environment,oxocard01
,,1,2026-09-20T10:03:29.614547797Z,2026-09-20T10:33:29.614547797Z,2026-09-20T10:22:32Z,38.5,humidity,environment,oxocard01
,,1,2026-09-20T10:03:29.614547797Z,2026-09-20T10:33:29.614547797Z,2026-09-20T10:22:36Z,38.5,humidity,environment,oxocard01
,,1,2026-09-20T10:03:29.614547797Z,2026-09-20T10:33:29.614547797Z,2026-09-20T10:22:41Z,38.5,humidity,environment,oxocard01
,,1,2026-09-20T10:03:29.614547797Z,2026-09-20T10:33:29.614547797Z,2026-09-20T10:22:47Z,38.5,humidity,environment,oxocard01
,,1,2026-09-20T10:03:29.614547797Z,2026-09-20T10:33:29.614547797Z,2026-09-20T10:22:51Z,38.5,humidity,environment,oxocard01
,,1,2026-09-20T10:03:29.614547797Z,2026-09-20T10:33:29.614547797Z,2026-09-20T10:22:56Z,38.5,humidity,environment,oxocard01
,,1,2026-09-20T10:03:29.614547797Z,2026-09-20T10:33:29.614547797Z,2026-09-20T10:23:01Z,38.4,humidity,environment,oxocard01
,,1,2026-09-20T10:03:29.614547797Z,2026-09-20T10:33:29.614547797Z,2026-09-20T10:23:06Z,38.4,humidity,environment,oxocard01
,,1,2026-09-20T10:03:29.614547797Z,2026-09-20T10:33:29.614547797Z,2026-09-20T10:23:11Z,38.4,humidity,environment,oxocard01
,,1,2026-09-20T10:03:29.614547797Z,2026-09-20T10:33:29.614547797Z,2026-09-20T10:23:16Z,38.4,humidity,environment,oxocard01
,,1,2026-09-20T10:03:29.614547797Z,2026-09-20T10:33:29.614547797Z,2026-09-20T10:23:21Z,38.4,humidity,environment,oxocard01
,,1,2026-09-20T10:03:29.614547797Z,2026-09-20T10:33:29.614547797Z,2026-09-20T10:23:27Z,38.4,humidity,environment,oxocard01
,,1,2026-09-20T10:03:29.614547797Z,2026-09-20T10:33:29.614547797Z,2026-09-20T10:23:32Z,38.5,humidity,environment,oxocard01
,,1,2026-09-20T10:03:29.614547797Z,2026-09-20T10:33:29.614547797Z,2026-09-20T10:23:37Z,38.6,humidity,environment,oxocard01
,,1,2026-09-20T10:03:29.614547797Z,2026-09-20T10:33:29.614547797Z,2026-09-20T10:23:42Z,38.6,humidity,environment,oxocard01
,,1,2026-09-20T10:03:29.614547797Z,2026-09-20T10:33:29.614547797Z,2026-09-20T10:23:46Z,38.6,humidity,environment,oxocard01
,,1,2026-09-20T10:03:29.614547797Z,2026-09-20T10:33:29.614547797Z,2026-09-20T10:23:52Z,38.5,humidity,environment,oxocard01
,,1,2026-09-20T10:03:29.614547797Z,2026-09-20T10:33:29.614547797Z,2026-09-20T10:23:57Z,38.4,humidity,environment,oxocard01
,,1,2026-09-20T10:03:29.614547797Z,2026-09-20T10:33:29.614547797Z,2026-09-20T10:24:02Z,38.5,humidity,environment,oxocard01
,,1,2026-09-20T10:03:29.614547797Z,2026-09-20T10:33:29.614547797Z,2026-09-20T10:24:07Z,38.5,humidity,environment,oxocard01
,,1,2026-09-20T10:03:29.614547797Z,2026-09-20T10:33:29.614547797Z,2026-09-20T10:24:12Z,38.5,humidity,environment,oxocard01
,,1,2026-09-20T10:03:29.614547797Z,2026-09-20T10:33:29.614547797Z,2026-09-20T10:24:17Z,38.6,humidity,environment,oxocard01
,,1,2026-09-20T10:03:29.614547797Z,2026-09-20T10:33:29.614547797Z,2026-09-20T10:24:22Z,38.6,humidity,environment,oxocard01
,,1,2026-09-20T10:03:29.614547797Z,2026-09-20T10:33:29.614547797Z,2026-09-20T10:24:27Z,38.5,humidity,environment,oxocard01
,,1,2026-09-20T10:03:29.614547797Z,2026-09-20T10:33:29.614547797Z,2026-09-20T10:24:32Z,38.5,humidity,environment,oxocard01
,,1,2026-09-20T10:03:29.614547797Z,2026-09-20T10:33:29.614547797Z,2026-09-20T10:24:37Z,38.4,humidity,environment,oxocard01
,,1,2026-09-20T10:03:29.614547797Z,2026-09-20T10:33:29.614547797Z,2026-09-20T10:24:42Z,38.3,humidity,environment,oxocard01
,,1,2026-09-20T10:03:29.614547797Z,2026-09-20T10:33:29.614547797Z,2026-09-20T10:24:47Z,38.8,humidity,environment,oxocard01
,,1,2026-09-20T10:03:29.614547797Z,2026-09-20T10:33:29.614547797Z,2026-09-20T10:24:52Z,38.5,humidity,environment,oxocard01
,,1,2026-09-20T10:03:29.614547797Z,2026-09-20T10:33:29.614547797Z,2026-09-20T10:24:57Z,38.4,humidity,environment,oxocard01
,,1,2026-09-20T10:03:29.614547797Z,2026-09-20T10:33:29.614547797Z,2026-09-20T10:25:02Z,38.5,humidity,environment,oxocard01
,,1,2026-09-20T10:03:29.614547797Z,2026-09-20T10:33:29.614547797Z,2026-09-20T10:25:07Z,38.5,humidity,environment,oxocard01
,,1,2026-09-20T10:03:29.614547797Z,2026-09-20T10:33:29.614547797Z,2026-09-20T10:25:13Z,38.6,humidity,environment,oxocard01
,,1,2026-09-20T10:03:29.614547797Z,2026-09-20T10:33:29.614547797Z,2026-09-20T10:25:17Z,38.5,humidity,environment,oxocard01
,,1,2026-09-20T10:03:29.614547797Z,2026-09-20T10:33:29.614547797Z,2026-09-20T10:25:22Z,38.5,humidity,environment,oxocard01
,,1,2026-09-20T10:03:29.614547797Z,2026-09-20T10:33:29.614547797Z,2026-09-20T10:25:27Z,38.5,humidity,environment,oxocard01
,,1,2026-09-20T10:03:29.614547797Z,2026-09-20T10:33:29.614547797Z,2026-09-20T10:25:32Z,38.5,humidity,environment,oxocard01
,,1,2026-09-20T10:03:29.614547797Z,2026-09-20T10:33:29.614547797Z,2026-09-20T10:25:37Z,38.5,humidity,environment,oxocard01
,,1,2026-09-20T10:03:29.614547797Z,2026-09-20T10:33:29.614547797Z,2026-09-20T10:25:43Z,38.5,humidity,environment,oxocard01
,,1,2026-09-20T10:03:29.614547797Z,2026-09-20T10:33:29.614547797Z,2026-09-20T10:25:47Z,38.5,humidity,environment,oxocard01
,,1,2026-09-20T10:03:29.614547797Z,2026-09-20T10:33:29.614547797Z,2026-09-20T10:25:53Z,38.5,humidity,environment,oxocard01
,,1,2026-09-20T10:03:29.614547797Z,2026-09-20T10:33:29.614547797Z,2026-09-20T10:25:58Z,38.6,humidity,environment,oxocard01
,,1,2026-09-20T10:03:29.614547797Z,2026-09-20T10:33:29.614547797Z,2026-09-20T10:26:03Z,38.7,humidity,environment,oxocard01
,,1,2026-09-20T10:03:29.614547797Z,2026-09-20T10:33:29.614547797Z,2026-09-20T10:26:08Z,38.7,humidity,environment,oxocard01
,,1,2026-09-20T10:03:29.614547797Z,2026-09-20T10:33:29.614547797Z,2026-09-20T10:26:13Z,38.7,humidity,environment,oxocard01
,,1,2026-09-20T10:03:29.614547797Z,2026-09-20T10:33:29.614547797Z,2026-09-20T10:26:18Z,38.6,humidity,environment,oxocard01
,,1,2026-09-20T10:03:29.614547797Z,2026-09-20T10:33:29.614547797Z,2026-09-20T10:26:23Z,38.6,humidity,environment,oxocard01
,,1,2026-09-20T10:03:29.614547797Z,2026-09-20T10:33:29.614547797Z,2026-09-20T10:26:28Z,38.6,humidity,environment,oxocard01
,,1,2026-09-20T10:03:29.614547797Z,2026-09-20T10:33:29.614547797Z,2026-09-20T10:26:33Z,38.6,humidity,environment,oxocard01
,,1,2026-09-20T10:03:29.614547797Z,2026-09-20T10:33:29.614547797Z,2026-09-20T10:26:38Z,38.6,humidity,environment,oxocard01
,,1,2026-09-20T10:03:29.614547797Z,2026-09-20T10:33:29.614547797Z,2026-09-20T10:26:43Z,38.6,humidity,environment,oxocard01
,,1,2026-09-20T10:03:29.614547797Z,2026-09-20T10:33:29.614547797Z,2026-09-20T10:26:48Z,38.7,humidity,environment,oxocard01
,,1,2026-09-20T10:03:29.614547797Z,2026-09-20T10:33:29.614547797Z,2026-09-20T10:26:53Z,38.7,humidity,environment,oxocard01
,,1,2026-09-20T10:03:29.614547797Z,2026-09-20T10:33:29.614547797Z,2026-09-20T10:26:58Z,38.7,humidity,environment,oxocard01
,,1,2026-09-20T10:03:29.614547797Z,2026-09-20T10:33:29.614547797Z,2026-09-20T10:27:03Z,38.7,humidity,environment,oxocard01
,,1,2026-09-20T10:03:29.614547797Z,2026-09-20T10:33:29.614547797Z,2026-09-20T10:27:08Z,38.8,humidity,environment,oxocard01
,,1,2026-09-20T10:03:29.614547797Z,2026-09-20T10:33:29.614547797Z,2026-09-20T10:27:13Z,38.8,humidity,environment,oxocard01
,,1,2026-09-20T10:03:29.614547797Z,2026-09-20T10:33:29.614547797Z,2026-09-20T10:27:18Z,38.9,humidity,environment,oxocard01
,,1,2026-09-20T10:03:29.614547797Z,2026-09-20T10:33:29.614547797Z,2026-09-20T10:27:23Z,38.8,humidity,environment,oxocard01
,,1,2026-09-20T10:03:29.614547797Z,2026-09-20T10:33:29.614547797Z,2026-09-20T10:27:28Z,38.8,humidity,environment,oxocard01
,,1,2026-09-20T10:03:29.614547797Z,2026-09-20T10:33:29.614547797Z,2026-09-20T10:27:33Z,38.8,humidity,environment,oxocard01
,,1,2026-09-20T10:03:29.614547797Z,2026-09-20T10:33:29.614547797Z,2026-09-20T10:27:38Z,38.8,humidity,environment,oxocard01
,,1,2026-09-20T10:03:29.614547797Z,2026-09-20T10:33:29.614547797Z,2026-09-20T10:27:43Z,38.8,humidity,environment,oxocard01
,,1,2026-09-20T10:03:29.614547797Z,2026-09-20T10:33:29.614547797Z,2026-09-20T10:27:48Z,38.8,humidity,environment,oxocard01
,,1,2026-09-20T10:03:29.614547797Z,2026-09-20T10:33:29.614547797Z,2026-09-20T10:27:53Z,38.8,humidity,environment,oxocard01
,,1,2026-09-20T10:03:29.614547797Z,2026-09-20T10:33:29.614547797Z,2026-09-20T10:27:58Z,38.9,humidity,environment,oxocard01
,,1,2026-09-20T10:03:29.614547797Z,2026-09-20T10:33:29.614547797Z,2026-09-20T10:28:03Z,39,humidity,environment,oxocard01
,,1,2026-09-20T10:03:29.614547797Z,2026-09-20T10:33:29.614547797Z,2026-09-20T10:28:08Z,38.9,humidity,environment,oxocard01
,,1,2026-09-20T10:03:29.614547797Z,2026-09-20T10:33:29.614547797Z,2026-09-20T10:28:13Z,38.9,humidity,environment,oxocard01
,,1,2026-09-20T10:03:29.614547797Z,2026-09-20T10:33:29.614547797Z,2026-09-20T10:28:18Z,38.9,humidity,environment,oxocard01
,,1,2026-09-20T10:03:29.614547797Z,2026-09-20T10:33:29.614547797Z,2026-09-20T10:28:23Z,39,humidity,environment,oxocard01
,,1,2026-09-20T10:03:29.614547797Z,2026-09-20T10:33:29.614547797Z,2026-09-20T10:28:28Z,39,humidity,environment,oxocard01
,,1,2026-09-20T10:03:29.614547797Z,2026-09-20T10:33:29.614547797Z,2026-09-20T10:28:33Z,38.8,humidity,environment,oxocard01
,,1,2026-09-20T10:03:29.614547797Z,2026-09-20T10:33:29.614547797Z,2026-09-20T10:28:38Z,38.7,humidity,environment,oxocard01
,,1,2026-09-20T10:03:29.614547797Z,2026-09-20T10:33:29.614547797Z,2026-09-20T10:28:43Z,38.9,humidity,environment,oxocard01
,,1,2026-09-20T10:03:29.614547797Z,2026-09-20T10:33:29.614547797Z,2026-09-20T10:28:48Z,38.9,humidity,environment,oxocard01
,,1,2026-09-20T10:03:29.614547797Z,2026-09-20T10:33:29.614547797Z,2026-09-20T10:28:53Z,0,humidity,environment,oxocard01
,,1,2026-09-20T10:03:29.614547797Z,2026-09-20T10:33:29.614547797Z,2026-09-20T10:28:58Z,39,humidity,environment,oxocard01
,,1,2026-09-20T10:03:29.614547797Z,2026-09-20T10:33:29.614547797Z,2026-09-20T10:29:03Z,39.1,humidity,environment,oxocard01
,,1,2026-09-20T10:03:29.614547797Z,2026-09-20T10:33:29.614547797Z,2026-09-20T10:29:08Z,38.7,humidity,environment,oxocard01
,,1,2026-09-20T10:03:29.614547797Z,2026-09-20T10:33:29.614547797Z,2026-09-20T10:29:13Z,38.7,humidity,environment,oxocard01
,,1,2026-09-20T10:03:29.614547797Z,2026-09-20T10:33:29.614547797Z,2026-09-20T10:29:18Z,38.7,humidity,environment,oxocard01
,,1,2026-09-20T10:03:29.614547797Z,2026-09-20T10:33:29.614547797Z,2026-09-20T10:29:23Z,38.7,humidity,environment,oxocard01
,,1,2026-09-20T10:03:29.614547797Z,2026-09-20T10:33:29.614547797Z,2026-09-20T10:29:28Z,38.7,humidity,environment,oxocard01
,,1,2026-09-20T10:03:29.614547797Z,2026-09-20T10:33:29.614547797Z,2026-09-20T10:29:33Z,38.6,humidity,environment,oxocard01
,,1,2026-09-20T10:03:29.614547797Z,2026-09-20T10:33:29.614547797Z,2026-09-20T10:29:38Z,38.5,humidity,environment,oxocard01
,,1,2026-09-20T10:03:29.614547797Z,2026-09-20T10:33:29.614547797Z,2026-09-20T10:29:43Z,38.6,humidity,environment,oxocard01
,,1,2026-09-20T10:03:29.614547797Z,2026-09-20T10:33:29.614547797Z,2026-09-20T10:29:48Z,38.6,humidity,environment,oxocard01
,,1,2026-09-20T10:03:29.614547797Z,2026-09-20T10:33:29.614547797Z,2026-09-20T10:29:54Z,38.6,humidity,environment,oxocard01
,,1,2026-09-20T10:03:29.614547797Z,2026-09-20T10:33:29.614547797Z,2026-09-20T10:29:58Z,38.6,humidity,environment,oxocard01
,,1,2026-09-20T10:03:29.614547797Z,2026-09-20T10:33:29.614547797Z,2026-09-20T10:30:03Z,38.6,humidity,environment,oxocard01
,,1,2026-09-20T10:03:29.614547797Z,2026-09-20T10:33:29.614547797Z,2026-09-20T10:30:08Z,38.8,humidity,environment,oxocard01
,,1,2026-09-20T10:03:29.614547797Z,2026-09-20T10:33:29.614547797Z,2026-09-20T10:30:13Z,38.8,humidity,environment,oxocard01
,,1,2026-09-20T10:03:29.614547797Z,2026-09-20T10:33:29.614547797Z,2026-09-20T10:30:18Z,38.7,humidity,environment,oxocard01
,,1,2026-09-20T10:03:29.614547797Z,2026-09-20T10:33:29.614547797Z,2026-09-20T10:30:23Z,38.8,humidity,environment,oxocard01
,,1,2026-09-20T10:03:29.614547797Z,2026-09-20T10:33:29.614547797Z,2026-09-20T10:30:29Z,38.7,humidity,environment,oxocard01
,,1,2026-09-20T10:03:29.614547797Z,2026-09-20T10:33:29.614547797Z,2026-09-20T10:30:34Z,38.8,humidity,environment,oxocard01
,,1,2026-09-20T10:03:29.614547797Z,2026-09-20T10:33:29.614547797Z,2026-09-20T10:30:38Z,38.7,humidity,environment,oxocard01
,,1,2026-09-20T10:03:29.614547797Z,2026-09-20T10:33:29.614547797Z,2026-09-20T10:30:44Z,38.7,humidity,environment,oxocard01
,,1,2026-09-20T10:03:29.614547797Z,2026-09-20T10:33:29.614547797Z,2026-09-20T10:30:49Z,38.6,humidity,environment,oxocard01
,,1,2026-09-20T10:03:29.614547797Z,2026-09-20T10:33:29.614547797Z,2026-09-20T10:30:54Z,38.6,humidity,environment,oxocard01
,,1,2026-09-20T10:03:29.614547797Z,2026-09-20T10:33:29.614547797Z,2026-09-20T10:30:59Z,38.6,humidity,environment,oxocard01
,,1,2026-09-20T10:03:29.614547797Z,2026-09-20T10:33:29.614547797Z,2026-09-20T10:31:04Z,38.6,humidity,environment,oxocard01
,,1,2026-09-20T10:03:29.614547797Z,2026-09-20T10:33:29.614547797Z,2026-09-20T10:31:09Z,38.7,humidity,environment,oxocard01
,,1,2026-09-20T10:03:29.614547797Z,2026-09-20T10:33:29.614547797Z,2026-09-20T10:31:14Z,38.6,humidity,environment,oxocard01
,,1,2026-09-20T10:03:29.614547797Z,2026-09-20T10:33:29.614547797Z,2026-09-20T10:31:19Z,38.7,humidity,environment,oxocard01
,,1,2026-09-20T10:03:29.614547797Z,2026-09-20T10:33:29.614547797Z,2026-09-20T10:31:24Z,38.8,humidity,environment,oxocard01
,,1,2026-09-20T10:03:29.614547797Z,2026-09-20T10:33:29.614547797Z,2026-09-20T10:31:29Z,38.8,humidity,environment,oxocard01
,,1,2026-09-20T10:03:29.614547797Z,2026-09-20T10:33:29.614547797Z,2026-09-20T10:31:34Z,38.9,humidity,environment,oxocard01
,,1,2026-09-20T10:03:29.614547797Z,2026-09-20T10:33:29.614547797Z,2026-09-20T10:31:39Z,38.9,humidity,environment,oxocard01
,,1,2026-09-20T10:03:29.614547797Z,2026-09-20T10:33:29.614547797Z,2026-09-20T10:31:44Z,38.9,humidity,environment,oxocard01
,,1,2026-09-20T10:03:29.614547797Z,2026-09-20T10:33:29.614547797Z,2026-09-20T10:31:49Z,39,humidity,environment,oxocard01
,,1,2026-09-20T10:03:29.614547797Z,2026-09-20T10:33:29.614547797Z,2026-09-20T10:31:54Z,39,humidity,environment,oxocard01
,,1,2026-09-20T10:03:29.614547797Z,2026-09-20T10:33:29.614547797Z,2026-09-20T10:31:59Z,39,humidity,environment,oxocard01
,,1,2026-09-20T10:03:29.614547797Z,2026-09-20T10:33:29.614547797Z,2026-09-20T10:32:04Z,38.8,humidity,environment,oxocard01
,,1,2026-09-20T10:03:29.614547797Z,2026-09-20T10:33:29.614547797Z,2026-09-20T10:32:09Z,38.9,humidity,environment,oxocard01
,,1,2026-09-20T10:03:29.614547797Z,2026-09-20T10:33:29.614547797Z,2026-09-20T10:32:14Z,38.8,humidity,environment,oxocard01
,,1,2026-09-20T10:03:29.614547797Z,2026-09-20T10:33:29.614547797Z,2026-09-20T10:32:19Z,38.8,humidity,environment,oxocard01
,,1,2026-09-20T10:03:29.614547797Z,2026-09-20T10:33:29.614547797Z,2026-09-20T10:32:24Z,38.7,humidity,environment,oxocard01
,,1,2026-09-20T10:03:29.614547797Z,2026-09-20T10:33:29.614547797Z,2026-09-20T10:32:29Z,38.7,humidity,environment,oxocard01
,,1,2026-09-20T10:03:29.614547797Z,2026-09-20T10:33:29.614547797Z,2026-09-20T10:32:34Z,38.8,humidity,environment,oxocard01
,,1,2026-09-20T10:03:29.614547797Z,2026-09-20T10:33:29.614547797Z,2026-09-20T10:32:39Z,38.9,humidity,environment,oxocard01
,,1,2026-09-20T10:03:29.614547797Z,2026-09-20T10:33:29.614547797Z,2026-09-20T10:32:44Z,38.9,humidity,environment,oxocard01
,,1,2026-09-20T10:03:29.614547797Z,2026-09-20T10:33:29.614547797Z,2026-09-20T10:32:49Z,38.8,humidity,environment,oxocard01
,,1,2026-09-20T10:03:29.614547797Z,2026-09-20T10:33:29.614547797Z,2026-09-20T10:32:54Z,38.8,humidity,environment,oxocard01
,,1,2026-09-20T10:03:29.614547797Z,2026-09-20T10:33:29.614547797Z,2026-09-20T10:32:59Z,38.7,humidity,environment,oxocard01
,,1,2026-09-20T10:03:29.614547797Z,2026-09-20T10:33:29.614547797Z,2026-09-20T10:33:04Z,38.8,humidity,environment,oxocard01
,,1,2026-09-20T10:03:29.614547797Z,2026-09-20T10:33:29.614547797Z,2026-09-20T10:33:09Z,38.6,humidity,environment,oxocard01
,,1,2026-09-20T10:03:29.614547797Z,2026-09-20T10:33:29.614547797Z,2026-09-20T10:33:14Z,38.7,humidity,environment,oxocard01
,,1,2026-09-20T10:03:29.614547797Z,2026-09-20T10:33:29.614547797Z,2026-09-20T10:33:19Z,38.8,humidity,environment,oxocard01
,,1,2026-09-20T10:03:29.614547797Z,2026-09-20T10:33:29.614547797Z,2026-09-20T10:33:24Z,38.8,humidity,environment,oxocard01
,,1,2026-09-20T10:03:29.614547797Z,2026-09-20T10:33:29.614547797Z,2026-09-20T10:33:29Z,39,humidity,environment,oxocard01
,,2,2026-09-20T10:03:29.614547797Z,2026-09-20T10:33:29.614547797Z,2026-09-20T10:03:31Z,1.9,iaq,environment,oxocard01
,,2,2026-09-20T10:03:29.614547797Z,2026-09-20T10:33:29.614547797Z,2026-09-20T10:03:36Z,1.8,iaq,environment,oxocard01
,,2,2026-09-20T10:03:29.614547797Z,2026-09-20T10:33:29.614547797Z,2026-09-20T10:03:41Z,1.4,iaq,environment,oxocard01
,,2,2026-09-20T10:03:29.614547797Z,2026-09-20T10:33:29.614547797Z,2026-09-20T10:03:46Z,1.3,iaq,environment,oxocard01
,,2,2026-09-20T10:03:29.614547797Z,2026-09-20T10:33:29.614547797Z,2026-09-20T10:03:51Z,1.3,iaq,environment,oxocard01
,,2,2026-09-20T10:03:29.614547797Z,2026-09-20T10:33:29.614547797Z,2026-09-20T10:03:56Z,1.3,iaq,environment,oxocard01
,,2,2026-09-20T10:03:29.614547797Z,2026-09-20T10:33:29.614547797Z,2026-09-20T10:04:01Z,1.3,iaq,environment,oxocard01
,,2,2026-09-20T10:03:29.614547797Z,2026-09-20T10:33:29.614547797Z,2026-09-20T10:04:06Z,1.3,iaq,environment,oxocard01
,,2,2026-09-20T10:03:29.614547797Z,2026-09-20T10:33:29.614547797Z,2026-09-20T10:04:11Z,1.3,iaq,environment,oxocard01
,,2,2026-09-20T10:03:29.614547797Z,2026-09-20T10:33:29.614547797Z,2026-09-20T10:04:16Z,1.3,iaq,environment,oxocard01
,,2,2026-09-20T10:03:29.614547797Z,2026-09-20T10:33:29.614547797Z,2026-09-20T10:04:21Z,1.3,iaq,environment,oxocard01
,,2,2026-09-20T10:03:29.614547797Z,2026-09-20T10:33:29.614547797Z,2026-09-20T10:04:26Z,1.3,iaq,environment,oxocard01
,,2,2026-09-20T10:03:29.614547797Z,2026-09-20T10:33:29.614547797Z,2026-09-20T10:04:31Z,1.3,iaq,environment,oxocard01
,,2,2026-09-20T10:03:29.614547797Z,2026-09-20T10:33:29.614547797Z,2026-09-20T10:04:36Z,1.3,iaq,environment,oxocard01
,,2,2026-09-20T10:03:29.614547797Z,2026-09-20T10:33:29.614547797Z,2026-09-20T10:04:41Z,1.3,iaq,environment,oxocard01
,,2,2026-09-20T10:03:29.614547797Z,2026-09-20T10:33:29.614547797Z,2026-09-20T10:04:46Z,1.3,iaq,environment,oxocard01
,,2,2026-09-20T10:03:29.614547797Z,2026-09-20T10:33:29.614547797Z,2026-09-20T10:04:51Z,1.3,iaq,environment,oxocard01
,,2,2026-09-20T10:03:29.614547797Z,2026-09-20T10:33:29.614547797Z,2026-09-20T10:04:56Z,1.3,iaq,environment,oxocard01
,,2,2026-09-20T10:03:29.614547797Z,2026-09-20T10:33:29.614547797Z,2026-09-20T10:05:01Z,1.3,iaq,environment,oxocard01
,,2,2026-09-20T10:03:29.614547797Z,2026-09-20T10:33:29.614547797Z,2026-09-20T10:05:06Z,1.3,iaq,environment,oxocard01
,,2,2026-09-20T10:03:29.614547797Z,2026-09-20T10:33:29.614547797Z,2026-09-20T10:05:11Z,1.3,iaq,environment,oxocard01
,,2,2026-09-20T10:03:29.614547797Z,2026-09-20T10:33:29.614547797Z,2026-09-20T10:05:16Z,1.3,iaq,environment,oxocard01
,,2,2026-09-20T10:03:29.614547797Z,2026-09-20T10:33:29.614547797Z,2026-09-20T10:05:21Z,1.3,iaq,environment,oxocard01
,,2,2026-09-20T10:03:29.614547797Z,2026-09-20T10:33:29.614547797Z,2026-09-20T10:05:26Z,1.3,iaq,environment,oxocard01
,,2,2026-09-20T10:03:29.614547797Z,2026-09-20T10:33:29.614547797Z,2026-09-20T10:05:31Z,1.3,iaq,environment,oxocard01
,,2,2026-09-20T10:03:29.614547797Z,2026-09-20T10:33:29.614547797Z,2026-09-20T10:05:36Z,1.3,iaq,environment,oxocard01
,,2,2026-09-20T10:03:29.614547797Z,2026-09-20T10:33:29.614547797Z,2026-09-20T10:05:41Z,1.3,iaq,environment,oxocard01
,,2,2026-09-20T10:03:29.614547797Z,2026-09-20T10:33:29.614547797Z,2026-09-20T10:05:46Z,1.3,iaq,environment,oxocard01
,,2,2026-09-20T10:03:29.614547797Z,2026-09-20T10:33:29.614547797Z,2026-09-20T10:05:51Z,1.3,iaq,environment,oxocard01
,,2,2026-09-20T10:03:29.614547797Z,2026-09-20T10:33:29.614547797Z,2026-09-20T10:05:56Z,1.3,iaq,environment,oxocard01
,,2,2026-09-20T10:03:29.614547797Z,2026-09-20T10:33:29.614547797Z,2026-09-20T10:06:01Z,1.3,iaq,environment,oxocard01
,,2,2026-09-20T10:03:29.614547797Z,2026-09-20T10:33:29.614547797Z,2026-09-20T10:06:06Z,1.3,iaq,environment,oxocard01
,,2,2026-09-20T10:03:29.614547797Z,2026-09-20T10:33:29.614547797Z,2026-09-20T10:06:11Z,1.3,iaq,environment,oxocard01
,,2,2026-09-20T10:03:29.614547797Z,2026-09-20T10:33:29.614547797Z,2026-09-20T10:06:16Z,1.3,iaq,environment,oxocard01
,,2,2026-09-20T10:03:29.614547797Z,2026-09-20T10:33:29.614547797Z,2026-09-20T10:06:21Z,1.3,iaq,environment,oxocard01
,,2,2026-09-20T10:03:29.614547797Z,2026-09-20T10:33:29.614547797Z,2026-09-20T10:06:26Z,1.3,iaq,environment,oxocard01
,,2,2026-09-20T10:03:29.614547797Z,2026-09-20T10:33:29.614547797Z,2026-09-20T10:06:31Z,1.3,iaq,environment,oxocard01
,,2,2026-09-20T10:03:29.614547797Z,2026-09-20T10:33:29.614547797Z,2026-09-20T10:06:36Z,1.3,iaq,environment,oxocard01
,,2,2026-09-20T10:03:29.614547797Z,2026-09-20T10:33:29.614547797Z,2026-09-20T10:06:41Z,1.3,iaq,environment,oxocard01
,,2,2026-09-20T10:03:29.614547797Z,2026-09-20T10:33:29.614547797Z,2026-09-20T10:06:47Z,1.3,iaq,environment,oxocard01
,,2,2026-09-20T10:03:29.614547797Z,2026-09-20T10:33:29.614547797Z,2026-09-20T10:06:51Z,1.3,iaq,environment,oxocard01
,,2,2026-09-20T10:03:29.614547797Z,2026-09-20T10:33:29.614547797Z,2026-09-20T10:06:56Z,1.3,iaq,environment,oxocard01
,,2,2026-09-20T10:03:29.614547797Z,2026-09-20T10:33:29.614547797Z,2026-09-20T10:07:01Z,1.3,iaq,environment,oxocard01
,,2,2026-09-20T10:03:29.614547797Z,2026-09-20T10:33:29.614547797Z,2026-09-20T10:07:06Z,1.3,iaq,environment,oxocard01
,,2,2026-09-20T10:03:29.614547797Z,2026-09-20T10:33:29.614547797Z,2026-09-20T10:07:11Z,1.3,iaq,environment,oxocard01
,,2,2026-09-20T10:03:29.614547797Z,2026-09-20T10:33:29.614547797Z,2026-09-20T10:07:16Z,1.3,iaq,environment,oxocard01
,,2,2026-09-20T10:03:29.614547797Z,2026-09-20T10:33:29.614547797Z,2026-09-20T10:07:21Z,1.3,iaq,environment,oxocard01
,,2,2026-09-20T10:03:29.614547797Z,2026-09-20T10:33:29.614547797Z,2026-09-20T10:07:26Z,1.3,iaq,environment,oxocard01
,,2,2026-09-20T10:03:29.614547797Z,2026-09-20T10:33:29.614547797Z,2026-09-20T10:07:32Z,1.3,iaq,environment,oxocard01
,,2,2026-09-20T10:03:29.614547797Z,2026-09-20T10:33:29.614547797Z,2026-09-20T10:07:37Z,1.3,iaq,environment,oxocard01
,,2,2026-09-20T10:03:29.614547797Z,2026-09-20T10:33:29.614547797Z,2026-09-20T10:07:42Z,1.3,iaq,environment,oxocard01
,,2,2026-09-20T10:03:29.614547797Z,2026-09-20T10:33:29.614547797Z,2026-09-20T10:07:47Z,1.3,iaq,environment,oxocard01
,,2,2026-09-20T10:03:29.614547797Z,2026-09-20T10:33:29.614547797Z,2026-09-20T10:07:52Z,1.3,iaq,environment,oxocard01
,,2,2026-09-20T10:03:29.614547797Z,2026-09-20T10:33:29.614547797Z,2026-09-20T10:07:57Z,1.3,iaq,environment,oxocard01
,,2,2026-09-20T10:03:29.614547797Z,2026-09-20T10:33:29.614547797Z,2026-09-20T10:08:02Z,1.2,iaq,environment,oxocard01
,,2,2026-09-20T10:03:29.614547797Z,2026-09-20T10:33:29.614547797Z,2026-09-20T10:08:07Z,1.3,iaq,environment,oxocard01
,,2,2026-09-20T10:03:29.614547797Z,2026-09-20T10:33:29.614547797Z,2026-09-20T10:08:12Z,1.3,iaq,environment,oxocard01
,,2,2026-09-20T10:03:29.614547797Z,2026-09-20T10:33:29.614547797Z,2026-09-20T10:08:17Z,1.2,iaq,environment,oxocard01
,,2,2026-09-20T10:03:29.614547797Z,2026-09-20T10:33:29.614547797Z,2026-09-20T10:08:22Z,1.2,iaq,environment,oxocard01
,,2,2026-09-20T10:03:29.614547797Z,2026-09-20T10:33:29.614547797Z,2026-09-20T10:08:27Z,1.3,iaq,environment,oxocard01
,,2,2026-09-20T10:03:29.614547797Z,2026-09-20T10:33:29.614547797Z,2026-09-20T10:08:32Z,1.3,iaq,environment,oxocard01
,,2,2026-09-20T10:03:29.614547797Z,2026-09-20T10:33:29.614547797Z,2026-09-20T10:08:37Z,1.3,iaq,environment,oxocard01
,,2,2026-09-20T10:03:29.614547797Z,2026-09-20T10:33:29.614547797Z,2026-09-20T10:08:42Z,1.3,iaq,environment,oxocard01
,,2,2026-09-20T10:03:29.614547797Z,2026-09-20T10:33:29.614547797Z,2026-09-20T10:08:47Z,1.3,iaq,environment,oxocard01
,,2,2026-09-20T10:03:29.614547797Z,2026-09-20T10:33:29.614547797Z,2026-09-20T10:08:52Z,1.3,iaq,environment,oxocard01
,,2,2026-09-20T10:03:29.614547797Z,2026-09-20T10:33:29.614547797Z,2026-09-20T10:08:57Z,1.3,iaq,environment,oxocard01
,,2,2026-09-20T10:03:29.614547797Z,2026-09-20T10:33:29.614547797Z,2026-09-20T10:09:02Z,1.3,iaq,environment,oxocard01
,,2,2026-09-20T10:03:29.614547797Z,2026-09-20T10:33:29.614547797Z,2026-09-20T10:09:07Z,1.3,iaq,environment,oxocard01
,,2,2026-09-20T10:03:29.614547797Z,2026-09-20T10:33:29.614547797Z,2026-09-20T10:09:12Z,1.3,iaq,environment,oxocard01
,,2,2026-09-20T10:03:29.614547797Z,2026-09-20T10:33:29.614547797Z,2026-09-20T10:09:17Z,1.3,iaq,environment,oxocard01
,,2,2026-09-20T10:03:29.614547797Z,2026-09-20T10:33:29.614547797Z,2026-09-20T10:09:22Z,1.3,iaq,environment,oxocard01
,,2,2026-09-20T10:03:29.614547797Z,2026-09-20T10:33:29.614547797Z,2026-09-20T10:09:27Z,1.3,iaq,environment,oxocard01
,,2,2026-09-20T10:03:29.614547797Z,2026-09-20T10:33:29.614547797Z,2026-09-20T10:09:32Z,2.2,iaq,environment,oxocard01
,,2,2026-09-20T10:03:29.614547797Z,2026-09-20T10:33:29.614547797Z,2026-09-20T10:09:37Z,3.6,iaq,environment,oxocard01
,,2,2026-09-20T10:03:29.614547797Z,2026-09-20T10:33:29.614547797Z,2026-09-20T10:09:42Z,4.2,iaq,environment,oxocard01
,,2,2026-09-20T10:03:29.614547797Z,2026-09-20T10:33:29.614547797Z,2026-09-20T10:09:47Z,4.6,iaq,environment,oxocard01
,,2,2026-09-20T10:03:29.614547797Z,2026-09-20T10:33:29.614547797Z,2026-09-20T10:09:52Z,4.7,iaq,environment,oxocard01
,,2,2026-09-20T10:03:29.614547797Z,2026-09-20T10:33:29.614547797Z,2026-09-20T10:09:57Z,4.8,iaq,environment,oxocard01
,,2,2026-09-20T10:03:29.614547797Z,2026-09-20T10:33:29.614547797Z,2026-09-20T10:10:02Z,4.7,iaq,environment,oxocard01
,,2,2026-09-20T10:03:29.614547797Z,2026-09-20T10:33:29.614547797Z,2026-09-20T10:10:07Z,4.5,iaq,environment,oxocard01
,,2,2026-09-20T10:03:29.614547797Z,2026-09-20T10:33:29.614547797Z,2026-09-20T10:10:12Z,4.3,iaq,environment,oxocard01
,,2,2026-09-20T10:03:29.614547797Z,2026-09-20T10:33:29.614547797Z,2026-09-20T10:10:17Z,4.1,iaq,environment,oxocard01
,,2,2026-09-20T10:03:29.614547797Z,2026-09-20T10:33:29.614547797Z,2026-09-20T10:10:22Z,3.8,iaq,environment,oxocard01
,,2,2026-09-20T10:03:29.614547797Z,2026-09-20T10:33:29.614547797Z,2026-09-20T10:10:27Z,3.4,iaq,environment,oxocard01
,,2,2026-09-20T10:03:29.614547797Z,2026-09-20T10:33:29.614547797Z,2026-09-20T10:10:32Z,3.1,iaq,environment,oxocard01
,,2,2026-09-20T10:03:29.614547797Z,2026-09-20T10:33:29.614547797Z,2026-09-20T10:10:37Z,2.8,iaq,environment,oxocard01
,,2,2026-09-20T10:03:29.614547797Z,2026-09-20T10:33:29.614547797Z,2026-09-20T10:10:42Z,2.5,iaq,environment,oxocard01
,,2,2026-09-20T10:03:29.614547797Z,2026-09-20T10:33:29.614547797Z,2026-09-20T10:10:47Z,2.3,iaq,environment,oxocard01
,,2,2026-09-20T10:03:29.614547797Z,2026-09-20T10:33:29.614547797Z,2026-09-20T10:10:52Z,2.1,iaq,environment,oxocard01
,,2,2026-09-20T10:03:29.614547797Z,2026-09-20T10:33:29.614547797Z,2026-09-20T10:10:58Z,2,iaq,environment,oxocard01
,,2,2026-09-20T10:03:29.614547797Z,2026-09-20T10:33:29.614547797Z,2026-09-20T10:11:02Z,1.9,iaq,environment,oxocard01
,,2,2026-09-20T10:03:29.614547797Z,2026-09-20T10:33:29.614547797Z,2026-09-20T10:11:07Z,1.9,iaq,environment,oxocard01
,,2,2026-09-20T10:03:29.614547797Z,2026-09-20T10:33:29.614547797Z,2026-09-20T10:11:12Z,1.9,iaq,environment,oxocard01
,,2,2026-09-20T10:03:29.614547797Z,2026-09-20T10:33:29.614547797Z,2026-09-20T10:11:17Z,1.9,iaq,environment,oxocard01
,,2,2026-09-20T10:03:29.614547797Z,2026-09-20T10:33:29.614547797Z,2026-09-20T10:11:22Z,1.8,iaq,environment,oxocard01
,,2,2026-09-20T10:03:29.614547797Z,2026-09-20T10:33:29.614547797Z,2026-09-20T10:11:27Z,1.8,iaq,environment,oxocard01
,,2,2026-09-20T10:03:29.614547797Z,2026-09-20T10:33:29.614547797Z,2026-09-20T10:11:32Z,1.7,iaq,environment,oxocard01
,,2,2026-09-20T10:03:29.614547797Z,2026-09-20T10:33:29.614547797Z,2026-09-20T10:11:37Z,1.3,iaq,environment,oxocard01
,,2,2026-09-20T10:03:29.614547797Z,2026-09-20T10:33:29.614547797Z,2026-09-20T10:11:42Z,1.3,iaq,environment,oxocard01
,,2,2026-09-20T10:03:29.614547797Z,2026-09-20T10:33:29.614547797Z,2026-09-20T10:11:48Z,1.3,iaq,environment,oxocard01
,,2,2026-09-20T10:03:29.614547797Z,2026-09-20T10:33:29.614547797Z,2026-09-20T10:11:53Z,1.3,iaq,environment,oxocard01
,,2,2026-09-20T10:03:29.614547797Z,2026-09-20T10:33:29.614547797Z,2026-09-20T10:11:58Z,1.3,iaq,environment,oxocard01
,,2,2026-09-20T10:03:29.614547797Z,2026-09-20T10:33:29.614547797Z,2026-09-20T10:12:03Z,1.3,iaq,environment,oxocard01
,,2,2026-09-20T10:03:29.614547797Z,2026-09-20T10:33:29.614547797Z,2026-09-20T10:12:08Z,1.3,iaq,environment,oxocard01
,,2,2026-09-20T10:03:29.614547797Z,2026-09-20T10:33:29.614547797Z,2026-09-20T10:12:13Z,1.3,iaq,environment,oxocard01
,,2,2026-09-20T10:03:29.614547797Z,2026-09-20T10:33:29.614547797Z,2026-09-20T10:12:18Z,1.3,iaq,environment,oxocard01
,,2,2026-09-20T10:03:29.614547797Z,2026-09-20T10:33:29.614547797Z,2026-09-20T10:12:23Z,1.3,iaq,environment,oxocard01
,,2,2026-09-20T10:03:29.614547797Z,2026-09-20T10:33:29.614547797Z,2026-09-20T10:12:28Z,1.3,iaq,environment,oxocard01
,,2,2026-09-20T10:03:29.614547797Z,2026-09-20T10:33:29.614547797Z,2026-09-20T10:12:33Z,1.3,iaq,environment,oxocard01
,,2,2026-09-20T10:03:29.614547797Z,2026-09-20T10:33:29.614547797Z,2026-09-20T10:12:38Z,1.3,iaq,environment,oxocard01
,,2,2026-09-20T10:03:29.614547797Z,2026-09-20T10:33:29.614547797Z,2026-09-20T10:12:43Z,2.6,iaq,environment,oxocard01
,,2,2026-09-20T10:03:29.614547797Z,2026-09-20T10:33:29.614547797Z,2026-09-20T10:12:48Z,3.8,iaq,environment,oxocard01
,,2,2026-09-20T10:03:29.614547797Z,2026-09-20T10:33:29.614547797Z,2026-09-20T10:12:53Z,4.3,iaq,environment,oxocard01
,,2,2026-09-20T10:03:29.614547797Z,2026-09-20T10:33:29.614547797Z,2026-09-20T10:12:58Z,4.4,iaq,environment,oxocard01
,,2,2026-09-20T10:03:29.614547797Z,2026-09-20T10:33:29.614547797Z,2026-09-20T10:13:03Z,4.5,iaq,environment,oxocard01
,,2,2026-09-20T10:03:29.614547797Z,2026-09-20T10:33:29.614547797Z,2026-09-20T10:13:08Z,4.4,iaq,environment,oxocard01
,,2,2026-09-20T10:03:29.614547797Z,2026-09-20T10:33:29.614547797Z,2026-09-20T10:13:13Z,4.2,iaq,environment,oxocard01
,,2,2026-09-20T10:03:29.614547797Z,2026-09-20T10:33:29.614547797Z,2026-09-20T10:13:18Z,4.1,iaq,environment,oxocard01
,,2,2026-09-20T10:03:29.614547797Z,2026-09-20T10:33:29.614547797Z,2026-09-20T10:13:23Z,3.8,iaq,environment,oxocard01
,,2,2026-09-20T10:03:29.614547797Z,2026-09-20T10:33:29.614547797Z,2026-09-20T10:13:28Z,3.5,iaq,environment,oxocard01
,,2,2026-09-20T10:03:29.614547797Z,2026-09-20T10:33:29.614547797Z,2026-09-20T10:13:33Z,3.1,iaq,environment,oxocard01
,,2,2026-09-20T10:03:29.614547797Z,2026-09-20T10:33:29.614547797Z,2026-09-20T10:13:38Z,2.4,iaq,environment,oxocard01
,,2,2026-09-20T10:03:29.614547797Z,2026-09-20T10:33:29.614547797Z,2026-09-20T10:13:43Z,2,iaq,environment,oxocard01
,,2,2026-09-20T10:03:29.614547797Z,2026-09-20T10:33:29.614547797Z,2026-09-20T10:13:48Z,1.8,iaq,environment,oxocard01
,,2,2026-09-20T10:03:29.614547797Z,2026-09-20T10:33:29.614547797Z,2026-09-20T10:13:53Z,1.3,iaq,environment,oxocard01
,,2,2026-09-20T10:03:29.614547797Z,2026-09-20T10:33:29.614547797Z,2026-09-20T10:13:58Z,1.3,iaq,environment,oxocard01
,,2,2026-09-20T10:03:29.614547797Z,2026-09-20T10:33:29.614547797Z,2026-09-20T10:14:03Z,1.3,iaq,environment,oxocard01
,,2,2026-09-20T10:03:29.614547797Z,2026-09-20T10:33:29.614547797Z,2026-09-20T10:14:08Z,1.3,iaq,environment,oxocard01
,,2,2026-09-20T10:03:29.614547797Z,2026-09-20T10:33:29.614547797Z,2026-09-20T10:14:13Z,1.3,iaq,environment,oxocard01
,,2,2026-09-20T10:03:29.614547797Z,2026-09-20T10:33:29.614547797Z,2026-09-20T10:14:18Z,1.3,iaq,environment,oxocard01
,,2,2026-09-20T10:03:29.614547797Z,2026-09-20T10:33:29.614547797Z,2026-09-20T10:14:23Z,1.3,iaq,environment,oxocard01
,,2,2026-09-20T10:03:29.614547797Z,2026-09-20T10:33:29.614547797Z,2026-09-20T10:14:28Z,1.3,iaq,environment,oxocard01
,,2,2026-09-20T10:03:29.614547797Z,2026-09-20T10:33:29.614547797Z,2026-09-20T10:14:33Z,1.3,iaq,environment,oxocard01
,,2,2026-09-20T10:03:29.614547797Z,2026-09-20T10:33:29.614547797Z,2026-09-20T10:14:38Z,1.3,iaq,environment,oxocard01
,,2,2026-09-20T10:03:29.614547797Z,2026-09-20T10:33:29.614547797Z,2026-09-20T10:14:43Z,1.3,iaq,environment,oxocard01
,,2,2026-09-20T10:03:29.614547797Z,2026-09-20T10:33:29.614547797Z,2026-09-20T10:14:48Z,1.3,iaq,environment,oxocard01
,,2,2026-09-20T10:03:29.614547797Z,2026-09-20T10:33:29.614547797Z,2026-09-20T10:14:53Z,1.3,iaq,environment,oxocard01
,,2,2026-09-20T10:03:29.614547797Z,2026-09-20T10:33:29.614547797Z,2026-09-20T10:14:58Z,1.3,iaq,environment,oxocard01
,,2,2026-09-20T10:03:29.614547797Z,2026-09-20T10:33:29.614547797Z,2026-09-20T10:15:03Z,1.3,iaq,environment,oxocard01
,,2,2026-09-20T10:03:29.614547797Z,2026-09-20T10:33:29.614547797Z,2026-09-20T10:15:08Z,1.3,iaq,environment,oxocard01
,,2,2026-09-20T10:03:29.614547797Z,2026-09-20T10:33:29.614547797Z,2026-09-20T10:15:13Z,1.3,iaq,environment,oxocard01
,,2,2026-09-20T10:03:29.614547797Z,2026-09-20T10:33:29.614547797Z,2026-09-20T10:15:18Z,1.3,iaq,environment,oxocard01
,,2,2026-09-20T10:03:29.614547797Z,2026-09-20T10:33:29.614547797Z,2026-09-20T10:15:23Z,1.3,iaq,environment,oxocard01
,,2,2026-09-20T10:03:29.614547797Z,2026-09-20T10:33:29.614547797Z,2026-09-20T10:15:28Z,1.3,iaq,environment,oxocard01
,,2,2026-09-20T10:03:29.614547797Z,2026-09-20T10:33:29.614547797Z,2026-09-20T10:15:33Z,1.3,iaq,environment,oxocard01
,,2,2026-09-20T10:03:29.614547797Z,2026-09-20T10:33:29.614547797Z,2026-09-20T10:15:39Z,1.3,iaq,environment,oxocard01
,,2,2026-09-20T10:03:29.614547797Z,2026-09-20T10:33:29.614547797Z,2026-09-20T10:15:43Z,1.3,iaq,environment,oxocard01
,,2,2026-09-20T10:03:29.614547797Z,2026-09-20T10:33:29.614547797Z,2026-09-20T10:15:48Z,1.3,iaq,environment,oxocard01
,,2,2026-09-20T10:03:29.614547797Z,2026-09-20T10:33:29.614547797Z,2026-09-20T10:15:53Z,1.3,iaq,environment,oxocard01
,,2,2026-09-20T10:03:29.614547797Z,2026-09-20T10:33:29.614547797Z,2026-09-20T10:15:58Z,1.3,iaq,environment,oxocard01
,,2,2026-09-20T10:03:29.614547797Z,2026-09-20T10:33:29.614547797Z,2026-09-20T10:16:03Z,1.3,iaq,environment,oxocard01
,,2,2026-09-20T10:03:29.614547797Z,2026-09-20T10:33:29.614547797Z,2026-09-20T10:16:08Z,1.3,iaq,environment,oxocard01
,,2,2026-09-20T10:03:29.614547797Z,2026-09-20T10:33:29.614547797Z,2026-09-20T10:16:13Z,1.3,iaq,environment,oxocard01
,,2,2026-09-20T10:03:29.614547797Z,2026-09-20T10:33:29.614547797Z,2026-09-20T10:16:18Z,1.3,iaq,environment,oxocard01
,,2,2026-09-20T10:03:29.614547797Z,2026-09-20T10:33:29.614547797Z,2026-09-20T10:16:24Z,1.3,iaq,environment,oxocard01
,,2,2026-09-20T10:03:29.614547797Z,2026-09-20T10:33:29.614547797Z,2026-09-20T10:16:29Z,1.3,iaq,environment,oxocard01
,,2,2026-09-20T10:03:29.614547797Z,2026-09-20T10:33:29.614547797Z,2026-09-20T10:16:34Z,1.3,iaq,environment,oxocard01
,,2,2026-09-20T10:03:29.614547797Z,2026-09-20T10:33:29.614547797Z,2026-09-20T10:16:39Z,1.3,iaq,environment,oxocard01
,,2,2026-09-20T10:03:29.614547797Z,2026-09-20T10:33:29.614547797Z,2026-09-20T10:16:44Z,1.3,iaq,environment,oxocard01
,,2,2026-09-20T10:03:29.614547797Z,2026-09-20T10:33:29.614547797Z,2026-09-20T10:16:49Z,1.3,iaq,environment,oxocard01
,,2,2026-09-20T10:03:29.614547797Z,2026-09-20T10:33:29.614547797Z,2026-09-20T10:16:54Z,1.3,iaq,environment,oxocard01
,,2,2026-09-20T10:03:29.614547797Z,2026-09-20T10:33:29.614547797Z,2026-09-20T10:16:59Z,1.3,iaq,environment,oxocard01
,,2,2026-09-20T10:03:29.614547797Z,2026-09-20T10:33:29.614547797Z,2026-09-20T10:17:04Z,1.3,iaq,environment,oxocard01
,,2,2026-09-20T10:03:29.614547797Z,2026-09-20T10:33:29.614547797Z,2026-09-20T10:17:09Z,1.3,iaq,environment,oxocard01
,,2,2026-09-20T10:03:29.614547797Z,2026-09-20T10:33:29.614547797Z,2026-09-20T10:17:14Z,1.3,iaq,environment,oxocard01
,,2,2026-09-20T10:03:29.614547797Z,2026-09-20T10:33:29.614547797Z,2026-09-20T10:17:19Z,1.3,iaq,environment,oxocard01
,,2,2026-09-20T10:03:29.614547797Z,2026-09-20T10:33:29.614547797Z,2026-09-20T10:17:24Z,1.3,iaq,environment,oxocard01
,,2,2026-09-20T10:03:29.614547797Z,2026-09-20T10:33:29.614547797Z,2026-09-20T10:17:29Z,1.3,iaq,environment,oxocard01
,,2,2026-09-20T10:03:29.614547797Z,2026-09-20T10:33:29.614547797Z,2026-09-20T10:17:34Z,1.3,iaq,environment,oxocard01
,,2,2026-09-20T10:03:29.614547797Z,2026-09-20T10:33:29.614547797Z,2026-09-20T10:17:39Z,1.3,iaq,environment,oxocard01
,,2,2026-09-20T10:03:29.614547797Z,2026-09-20T10:33:29.614547797Z,2026-09-20T10:17:44Z,1.3,iaq,environment,oxocard01
,,2,2026-09-20T10:03:29.614547797Z,2026-09-20T10:33:29.614547797Z,2026-09-20T10:17:49Z,1.3,iaq,environment,oxocard01
,,2,2026-09-20T10:03:29.614547797Z,2026-09-20T10:33:29.614547797Z,2026-09-20T10:17:54Z,1.3,iaq,environment,oxocard01
,,2,2026-09-20T10:03:29.614547797Z,2026-09-20T10:33:29.614547797Z,2026-09-20T10:17:59Z,1.3,iaq,environment,oxocard01
,,2,2026-09-20T10:03:29.614547797Z,2026-09-20T10:33:29.614547797Z,2026-09-20T10:18:04Z,1.3,iaq,environment,oxocard01
,,2,2026-09-20T10:03:29.614547797Z,2026-09-20T10:33:29.614547797Z,2026-09-20T10:18:09Z,1.3,iaq,environment,oxocard01
,,2,2026-09-20T10:03:29.614547797Z,2026-09-20T10:33:29.614547797Z,2026-09-20T10:18:14Z,1.3,iaq,environment,oxocard01
,,2,2026-09-20T10:03:29.614547797Z,2026-09-20T10:33:29.614547797Z,2026-09-20T10:18:19Z,1.3,iaq,environment,oxocard01
,,2,2026-09-20T10:03:29.614547797Z,2026-09-20T10:33:29.614547797Z,2026-09-20T10:18:24Z,1.3,iaq,environment,oxocard01
,,2,2026-09-20T10:03:29.614547797Z,2026-09-20T10:33:29.614547797Z,2026-09-20T10:18:29Z,1.3,iaq,environment,oxocard01
,,2,2026-09-20T10:03:29.614547797Z,2026-09-20T10:33:29.614547797Z,2026-09-20T10:18:34Z,1.3,iaq,environment,oxocard01
,,2,2026-09-20T10:03:29.614547797Z,2026-09-20T10:33:29.614547797Z,2026-09-20T10:18:39Z,1.3,iaq,environment,oxocard01
,,2,2026-09-20T10:03:29.614547797Z,2026-09-20T10:33:29.614547797Z,2026-09-20T10:18:44Z,1.3,iaq,environment,oxocard01
,,2,2026-09-20T10:03:29.614547797Z,2026-09-20T10:33:29.614547797Z,2026-09-20T10:18:49Z,1.3,iaq,environment,oxocard01
,,2,2026-09-20T10:03:29.614547797Z,2026-09-20T10:33:29.614547797Z,2026-09-20T10:18:55Z,1.3,iaq,environment,oxocard01
,,2,2026-09-20T10:03:29.614547797Z,2026-09-20T10:33:29.614547797Z,2026-09-20T10:19:00Z,1.3,iaq,environment,oxocard01
,,2,2026-09-20T10:03:29.614547797Z,2026-09-20T10:33:29.614547797Z,2026-09-20T10:19:05Z,1.3,iaq,environment,oxocard01
,,2,2026-09-20T10:03:29.614547797Z,2026-09-20T10:33:29.614547797Z,2026-09-20T10:19:10Z,1.3,iaq,environment,oxocard01
,,2,2026-09-20T10:03:29.614547797Z,2026-09-20T10:33:29.614547797Z,2026-09-20T10:19:14Z,1.3,iaq,environment,oxocard01
,,2,2026-09-20T10:03:29.614547797Z,2026-09-20T10:33:29.614547797Z,2026-09-20T10:19:19Z,1.3,iaq,environment,oxocard01
,,2,2026-09-20T10:03:29.614547797Z,2026-09-20T10:33:29.614547797Z,2026-09-20T10:19:25Z,1.3,iaq,environment,oxocard01
,,2,2026-09-20T10:03:29.614547797Z,2026-09-20T10:33:29.614547797Z,2026-09-20T10:19:29Z,1.3,iaq,environment,oxocard01
,,2,2026-09-20T10:03:29.614547797Z,2026-09-20T10:33:29.614547797Z,2026-09-20T10:19:34Z,1.3,iaq,environment,oxocard01
,,2,2026-09-20T10:03:29.614547797Z,2026-09-20T10:33:29.614547797Z,2026-09-20T10:19:40Z,1.3,iaq,environment,oxocard01
,,2,2026-09-20T10:03:29.614547797Z,2026-09-20T10:33:29.614547797Z,2026-09-20T10:19:45Z,1.3,iaq,environment,oxocard01
,,2,2026-09-20T10:03:29.614547797Z,2026-09-20T10:33:29.614547797Z,2026-09-20T10:19:50Z,1.3,iaq,environment,oxocard01
,,2,2026-09-20T10:03:29.614547797Z,2026-09-20T10:33:29.614547797Z,2026-09-20T10:19:55Z,1.3,iaq,environment,oxocard01
,,2,2026-09-20T10:03:29.614547797Z,2026-09-20T10:33:29.614547797Z,2026-09-20T10:20:00Z,1.3,iaq,environment,oxocard01
,,2,2026-09-20T10:03:29.614547797Z,2026-09-20T10:33:29.614547797Z,2026-09-20T10:20:05Z,1.3,iaq,environment,oxocard01
,,2,2026-09-20T10:03:29.614547797Z,2026-09-20T10:33:29.614547797Z,2026-09-20T10:20:10Z,1.3,iaq,environment,oxocard01
,,2,2026-09-20T10:03:29.614547797Z,2026-09-20T10:33:29.614547797Z,2026-09-20T10:20:15Z,1.3,iaq,environment,oxocard01
,,2,2026-09-20T10:03:29.614547797Z,2026-09-20T10:33:29.614547797Z,2026-09-20T10:20:20Z,1.3,iaq,environment,oxocard01
,,2,2026-09-20T10:03:29.614547797Z,2026-09-20T10:33:29.614547797Z,2026-09-20T10:20:25Z,1.3,iaq,environment,oxocard01
,,2,2026-09-20T10:03:29.614547797Z,2026-09-20T10:33:29.614547797Z,2026-09-20T10:20:30Z,1.3,iaq,environment,oxocard01
,,2,2026-09-20T10:03:29.614547797Z,2026-09-20T10:33:29.614547797Z,2026-09-20T10:20:35Z,1.3,iaq,environment,oxocard01
,,2,2026-09-20T10:03:29.614547797Z,2026-09-20T10:33:29.614547797Z,2026-09-20T10:20:40Z,1.3,iaq,environment,oxocard01
,,2,2026-09-20T10:03:29.614547797Z,2026-09-20T10:33:29.614547797Z,2026-09-20T10:20:45Z,1.3,iaq,environment,oxocard01
,,2,2026-09-20T10:03:29.614547797Z,2026-09-20T10:33:29.614547797Z,2026-09-20T10:20:50Z,1.3,iaq,environment,oxocard01
,,2,2026-09-20T10:03:29.614547797Z,2026-09-20T10:33:29.614547797Z,2026-09-20T10:20:56Z,1.3,iaq,environment,oxocard01
,,2,2026-09-20T10:03:29.614547797Z,2026-09-20T10:33:29.614547797Z,2026-09-20T10:21:00Z,1.3,iaq,environment,oxocard01
,,2,2026-09-20T10:03:29.614547797Z,2026-09-20T10:33:29.614547797Z,2026-09-20T10:21:05Z,1.3,iaq,environment,oxocard01
,,2,2026-09-20T10:03:29.614547797Z,2026-09-20T10:33:29.614547797Z,2026-09-20T10:21:10Z,1.3,iaq,environment,oxocard01
,,2,2026-09-20T10:03:29.614547797Z,2026-09-20T10:33:29.614547797Z,2026-09-20T10:21:15Z,1.3,iaq,environment,oxocard01
,,2,2026-09-20T10:03:29.614547797Z,2026-09-20T10:33:29.614547797Z,2026-09-20T10:21:21Z,1.3,iaq,environment,oxocard01
,,2,2026-09-20T10:03:29.614547797Z,2026-09-20T10:33:29.614547797Z,2026-09-20T10:21:26Z,1.3,iaq,environment,oxocard01
,,2,2026-09-20T10:03:29.614547797Z,2026-09-20T10:33:29.614547797Z,2026-09-20T10:21:31Z,1.3,iaq,environment,oxocard01
,,2,2026-09-20T10:03:29.614547797Z,2026-09-20T10:33:29.614547797Z,2026-09-20T10:21:36Z,1.3,iaq,environment,oxocard01
,,2,2026-09-20T10:03:29.614547797Z,2026-09-20T10:33:29.614547797Z,2026-09-20T10:21:41Z,1.3,iaq,environment,oxocard01
,,2,2026-09-20T10:03:29.614547797Z,2026-09-20T10:33:29.614547797Z,2026-09-20T10:21:46Z,1.3,iaq,environment,oxocard01
,,2,2026-09-20T10:03:29.614547797Z,2026-09-20T10:33:29.614547797Z,2026-09-20T10:21:51Z,1.3,iaq,environment,oxocard01
,,2,2026-09-20T10:03:29.614547797Z,2026-09-20T10:33:29.614547797Z,2026-09-20T10:21:56Z,1.3,iaq,environment,oxocard01
,,2,2026-09-20T10:03:29.614547797Z,2026-09-20T10:33:29.614547797Z,2026-09-20T10:22:01Z,1.3,iaq,environment,oxocard01
,,2,2026-09-20T10:03:29.614547797Z,2026-09-20T10:33:29.614547797Z,2026-09-20T10:22:06Z,1.3,iaq,environment,oxocard01
,,2,2026-09-20T10:03:29.614547797Z,2026-09-20T10:33:29.614547797Z,2026-09-20T10:22:11Z,1.3,iaq,environment,oxocard01
,,2,2026-09-20T10:03:29.614547797Z,2026-09-20T10:33:29.614547797Z,2026-09-20T10:22:16Z,1.3,iaq,environment,oxocard01
,,2,2026-09-20T10:03:29.614547797Z,2026-09-20T10:33:29.614547797Z,2026-09-20T10:22:21Z,1.3,iaq,environment,oxocard01
,,2,2026-09-20T10:03:29.614547797Z,2026-09-20T10:33:29.614547797Z,2026-09-20T10:22:26Z,1.3,iaq,environment,oxocard01
,,2,2026-09-20T10:03:29.614547797Z,2026-09-20T10:33:29.614547797Z,2026-09-20T10:22:32Z,1.3,iaq,environment,oxocard01
,,2,2026-09-20T10:03:29.614547797Z,2026-09-20T10:33:29.614547797Z,2026-09-20T10:22:36Z,1.3,iaq,environment,oxocard01
,,2,2026-09-20T10:03:29.614547797Z,2026-09-20T10:33:29.614547797Z,2026-09-20T10:22:41Z,1.3,iaq,environment,oxocard01
,,2,2026-09-20T10:03:29.614547797Z,2026-09-20T10:33:29.614547797Z,2026-09-20T10:22:47Z,1.3,iaq,environment,oxocard01
,,2,2026-09-20T10:03:29.614547797Z,2026-09-20T10:33:29.614547797Z,2026-09-20T10:22:51Z,2.4,iaq,environment,oxocard01
,,2,2026-09-20T10:03:29.614547797Z,2026-09-20T10:33:29.614547797Z,2026-09-20T10:22:56Z,3.8,iaq,environment,oxocard01
,,2,2026-09-20T10:03:29.614547797Z,2026-09-20T10:33:29.614547797Z,2026-09-20T10:23:01Z,4.4,iaq,environment,oxocard01
,,2,2026-09-20T10:03:29.614547797Z,2026-09-20T10:33:29.614547797Z,2026-09-20T10:23:06Z,4.8,iaq,environment,oxocard01
,,2,2026-09-20T10:03:29.614547797Z,2026-09-20T10:33:29.614547797Z,2026-09-20T10:23:52Z,4.7,iaq,environment,oxocard01
,,2,2026-09-20T10:03:29.614547797Z,2026-09-20T10:33:29.614547797Z,2026-09-20T10:23:57Z,4.1,iaq,environment,oxocard01
,,2,2026-09-20T10:03:29.614547797Z,2026-09-20T10:33:29.614547797Z,2026-09-20T10:24:02Z,3.2,iaq,environment,oxocard01
,,2,2026-09-20T10:03:29.614547797Z,2026-09-20T10:33:29.614547797Z,2026-09-20T10:24:07Z,2.4,iaq,environment,oxocard01
,,2,2026-09-20T10:03:29.614547797Z,2026-09-20T10:33:29.614547797Z,2026-09-20T10:24:12Z,2.2,iaq,environment,oxocard01
,,2,2026-09-20T10:03:29.614547797Z,2026-09-20T10:33:29.614547797Z,2026-09-20T10:24:17Z,1.7,iaq,environment,oxocard01
,,2,2026-09-20T10:03:29.614547797Z,2026-09-20T10:33:29.614547797Z,2026-09-20T10:24:22Z,1.3,iaq,environment,oxocard01
,,2,2026-09-20T10:03:29.614547797Z,2026-09-20T10:33:29.614547797Z,2026-09-20T10:24:27Z,1.3,iaq,environment,oxocard01
,,2,2026-09-20T10:03:29.614547797Z,2026-09-20T10:33:29.614547797Z,2026-09-20T10:24:32Z,1.3,iaq,environment,oxocard01
,,2,2026-09-20T10:03:29.614547797Z,2026-09-20T10:33:29.614547797Z,2026-09-20T10:24:37Z,1.3,iaq,environment,oxocard01
,,2,2026-09-20T10:03:29.614547797Z,2026-09-20T10:33:29.614547797Z,2026-09-20T10:24:42Z,1.3,iaq,environment,oxocard01
,,2,2026-09-20T10:03:29.614547797Z,2026-09-20T10:33:29.614547797Z,2026-09-20T10:24:47Z,1.3,iaq,environment,oxocard01
,,2,2026-09-20T10:03:29.614547797Z,2026-09-20T10:33:29.614547797Z,2026-09-20T10:24:52Z,1.3,iaq,environment,oxocard01
,,2,2026-09-20T10:03:29.614547797Z,2026-09-20T10:33:29.614547797Z,2026-09-20T10:24:57Z,1.3,iaq,environment,oxocard01
,,2,2026-09-20T10:03:29.614547797Z,2026-09-20T10:33:29.614547797Z,2026-09-20T10:25:02Z,1.3,iaq,environment,oxocard01
,,2,2026-09-20T10:03:29.614547797Z,2026-09-20T10:33:29.614547797Z,2026-09-20T10:25:07Z,1.3,iaq,environment,oxocard01
,,2,2026-09-20T10:03:29.614547797Z,2026-09-20T10:33:29.614547797Z,2026-09-20T10:25:13Z,1.3,iaq,environment,oxocard01
,,2,2026-09-20T10:03:29.614547797Z,2026-09-20T10:33:29.614547797Z,2026-09-20T10:25:17Z,1.3,iaq,environment,oxocard01
,,2,2026-09-20T10:03:29.614547797Z,2026-09-20T10:33:29.614547797Z,2026-09-20T10:25:22Z,1.3,iaq,environment,oxocard01
,,2,2026-09-20T10:03:29.614547797Z,2026-09-20T10:33:29.614547797Z,2026-09-20T10:25:27Z,1.3,iaq,environment,oxocard01
,,2,2026-09-20T10:03:29.614547797Z,2026-09-20T10:33:29.614547797Z,2026-09-20T10:25:32Z,1.3,iaq,environment,oxocard01
,,2,2026-09-20T10:03:29.614547797Z,2026-09-20T10:33:29.614547797Z,2026-09-20T10:25:37Z,1.3,iaq,environment,oxocard01
,,2,2026-09-20T10:03:29.614547797Z,2026-09-20T10:33:29.614547797Z,2026-09-20T10:25:43Z,1.3,iaq,environment,oxocard01
,,2,2026-09-20T10:03:29.614547797Z,2026-09-20T10:33:29.614547797Z,2026-09-20T10:25:47Z,1.3,iaq,environment,oxocard01
,,2,2026-09-20T10:03:29.614547797Z,2026-09-20T10:33:29.614547797Z,2026-09-20T10:25:53Z,1.3,iaq,environment,oxocard01
,,2,2026-09-20T10:03:29.614547797Z,2026-09-20T10:33:29.614547797Z,2026-09-20T10:25:58Z,1.3,iaq,environment,oxocard01
,,2,2026-09-20T10:03:29.614547797Z,2026-09-20T10:33:29.614547797Z,2026-09-20T10:26:03Z,1.3,iaq,environment,oxocard01
,,2,2026-09-20T10:03:29.614547797Z,2026-09-20T10:33:29.614547797Z,2026-09-20T10:26:08Z,1.3,iaq,environment,oxocard01
,,2,2026-09-20T10:03:29.614547797Z,2026-09-20T10:33:29.614547797Z,2026-09-20T10:26:13Z,1.3,iaq,environment,oxocard01
,,2,2026-09-20T10:03:29.614547797Z,2026-09-20T10:33:29.614547797Z,2026-09-20T10:26:18Z,1.3,iaq,environment,oxocard01
,,2,2026-09-20T10:03:29.614547797Z,2026-09-20T10:33:29.614547797Z,2026-09-20T10:26:23Z,1.3,iaq,environment,oxocard01
,,2,2026-09-20T10:03:29.614547797Z,2026-09-20T10:33:29.614547797Z,2026-09-20T10:26:28Z,1.3,iaq,environment,oxocard01
,,2,2026-09-20T10:03:29.614547797Z,2026-09-20T10:33:29.614547797Z,2026-09-20T10:26:33Z,1.3,iaq,environment,oxocard01
,,2,2026-09-20T10:03:29.614547797Z,2026-09-20T10:33:29.614547797Z,2026-09-20T10:26:38Z,1.3,iaq,environment,oxocard01
,,2,2026-09-20T10:03:29.614547797Z,2026-09-20T10:33:29.614547797Z,2026-09-20T10:26:43Z,1.3,iaq,environment,oxocard01
,,2,2026-09-20T10:03:29.614547797Z,2026-09-20T10:33:29.614547797Z,2026-09-20T10:26:48Z,1.3,iaq,environment,oxocard01
,,2,2026-09-20T10:03:29.614547797Z,2026-09-20T10:33:29.614547797Z,2026-09-20T10:26:53Z,1.3,iaq,environment,oxocard01
,,2,2026-09-20T10:03:29.614547797Z,2026-09-20T10:33:29.614547797Z,2026-09-20T10:26:58Z,1.3,iaq,environment,oxocard01
,,2,2026-09-20T10:03:29.614547797Z,2026-09-20T10:33:29.614547797Z,2026-09-20T10:27:03Z,1.3,iaq,environment,oxocard01
,,2,2026-09-20T10:03:29.614547797Z,2026-09-20T10:33:29.614547797Z,2026-09-20T10:27:08Z,1.3,iaq,environment,oxocard01
,,2,2026-09-20T10:03:29.614547797Z,2026-09-20T10:33:29.614547797Z,2026-09-20T10:27:13Z,1.3,iaq,environment,oxocard01
,,2,2026-09-20T10:03:29.614547797Z,2026-09-20T10:33:29.614547797Z,2026-09-20T10:27:18Z,1.3,iaq,environment,oxocard01
,,2,2026-09-20T10:03:29.614547797Z,2026-09-20T10:33:29.614547797Z,2026-09-20T10:27:23Z,1.3,iaq,environment,oxocard01
,,2,2026-09-20T10:03:29.614547797Z,2026-09-20T10:33:29.614547797Z,2026-09-20T10:27:28Z,1.3,iaq,environment,oxocard01
,,2,2026-09-20T10:03:29.614547797Z,2026-09-20T10:33:29.614547797Z,2026-09-20T10:27:33Z,1.3,iaq,environment,oxocard01
,,2,2026-09-20T10:03:29.614547797Z,2026-09-20T10:33:29.614547797Z,2026-09-20T10:27:38Z,1.3,iaq,environment,oxocard01
,,2,2026-09-20T10:03:29.614547797Z,2026-09-20T10:33:29.614547797Z,2026-09-20T10:27:43Z,1.3,iaq,environment,oxocard01
,,2,2026-09-20T10:03:29.614547797Z,2026-09-20T10:33:29.614547797Z,2026-09-20T10:27:48Z,1.3,iaq,environment,oxocard01
,,2,2026-09-20T10:03:29.614547797Z,2026-09-20T10:33:29.614547797Z,2026-09-20T10:27:53Z,1.3,iaq,environment,oxocard01
,,2,2026-09-20T10:03:29.614547797Z,2026-09-20T10:33:29.614547797Z,2026-09-20T10:27:58Z,1.3,iaq,environment,oxocard01
,,2,2026-09-20T10:03:29.614547797Z,2026-09-20T10:33:29.614547797Z,2026-09-20T10:28:03Z,1.3,iaq,environment,oxocard01
,,2,2026-09-20T10:03:29.614547797Z,2026-09-20T10:33:29.614547797Z,2026-09-20T10:28:08Z,1.3,iaq,environment,oxocard01
,,2,2026-09-20T10:03:29.614547797Z,2026-09-20T10:33:29.614547797Z,2026-09-20T10:28:13Z,1.3,iaq,environment,oxocard01
,,2,2026-09-20T10:03:29.614547797Z,2026-09-20T10:33:29.614547797Z,2026-09-20T10:28:18Z,1.3,iaq,environment,oxocard01
,,2,2026-09-20T10:03:29.614547797Z,2026-09-20T10:33:29.614547797Z,2026-09-20T10:28:23Z,1.3,iaq,environment,oxocard01
,,2,2026-09-20T10:03:29.614547797Z,2026-09-20T10:33:29.614547797Z,2026-09-20T10:28:28Z,1.3,iaq,environment,oxocard01
,,2,2026-09-20T10:03:29.614547797Z,2026-09-20T10:33:29.614547797Z,2026-09-20T10:28:33Z,1.3,iaq,environment,oxocard01
,,2,2026-09-20T10:03:29.614547797Z,2026-09-20T10:33:29.614547797Z,2026-09-20T10:28:38Z,1.3,iaq,environment,oxocard01
,,2,2026-09-20T10:03:29.614547797Z,2026-09-20T10:33:29.614547797Z,2026-09-20T10:28:43Z,1.3,iaq,environment,oxocard01
,,2,2026-09-20T10:03:29.614547797Z,2026-09-20T10:33:29.614547797Z,2026-09-20T10:28:48Z,1.3,iaq,environment,oxocard01
,,2,2026-09-20T10:03:29.614547797Z,2026-09-20T10:33:29.614547797Z,2026-09-20T10:28:53Z,1.3,iaq,environment,oxocard01
,,2,2026-09-20T10:03:29.614547797Z,2026-09-20T10:33:29.614547797Z,2026-09-20T10:28:58Z,1.3,iaq,environment,oxocard01
,,2,2026-09-20T10:03:29.614547797Z,2026-09-20T10:33:29.614547797Z,2026-09-20T10:29:03Z,1.3,iaq,environment,oxocard01
,,2,2026-09-20T10:03:29.614547797Z,2026-09-20T10:33:29.614547797Z,2026-09-20T10:29:08Z,1.3,iaq,environment,oxocard01
,,2,2026-09-20T10:03:29.614547797Z,2026-09-20T10:33:29.614547797Z,2026-09-20T10:29:13Z,1.3,iaq,environment,oxocard01
,,2,2026-09-20T10:03:29.614547797Z,2026-09-20T10:33:29.614547797Z,2026-09-20T10:29:18Z,1.3,iaq,environment,oxocard01
,,2,2026-09-20T10:03:29.614547797Z,2026-09-20T10:33:29.614547797Z,2026-09-20T10:29:23Z,1.3,iaq,environment,oxocard01
,,2,2026-09-20T10:03:29.614547797Z,2026-09-20T10:33:29.614547797Z,2026-09-20T10:29:28Z,1.3,iaq,environment,oxocard01
,,2,2026-09-20T10:03:29.614547797Z,2026-09-20T10:33:29.614547797Z,2026-09-20T10:29:33Z,1.3,iaq,environment,oxocard01
,,2,2026-09-20T10:03:29.614547797Z,2026-09-20T10:33:29.614547797Z,2026-09-20T10:29:38Z,1.3,iaq,environment,oxocard01
,,2,2026-09-20T10:03:29.614547797Z,2026-09-20T10:33:29.614547797Z,2026-09-20T10:29:43Z,1.3,iaq,environment,oxocard01
,,2,2026-09-20T10:03:29.614547797Z,2026-09-20T10:33:29.614547797Z,2026-09-20T10:29:48Z,1.3,iaq,environment,oxocard01
,,2,2026-09-20T10:03:29.614547797Z,2026-09-20T10:33:29.614547797Z,2026-09-20T10:29:54Z,1.3,iaq,environment,oxocard01
,,2,2026-09-20T10:03:29.614547797Z,2026-09-20T10:33:29.614547797Z,2026-09-20T10:29:58Z,1.3,iaq,environment,oxocard01
,,2,2026-09-20T10:03:29.614547797Z,2026-09-20T10:33:29.614547797Z,2026-09-20T10:30:03Z,1.6,iaq,environment,oxocard01
,,2,2026-09-20T10:03:29.614547797Z,2026-09-20T10:33:29.614547797Z,2026-09-20T10:30:08Z,2.8,iaq,environment,oxocard01
,,2,2026-09-20T10:03:29.614547797Z,2026-09-20T10:33:29.614547797Z,2026-09-20T10:30:13Z,3.8,iaq,environment,oxocard01
,,2,2026-09-20T10:03:29.614547797Z,2026-09-20T10:33:29.614547797Z,2026-09-20T10:30:18Z,4.3,iaq,environment,oxocard01
,,2,2026-09-20T10:03:29.614547797Z,2026-09-20T10:33:29.614547797Z,2026-09-20T10:30:23Z,4.6,iaq,environment,oxocard01
,,2,2026-09-20T10:03:29.614547797Z,2026-09-20T10:33:29.614547797Z,2026-09-20T10:30:29Z,4.8,iaq,environment,oxocard01
,,2,2026-09-20T10:03:29.614547797Z,2026-09-20T10:33:29.614547797Z,2026-09-20T10:30:34Z,5,iaq,environment,oxocard01
,,2,2026-09-20T10:03:29.614547797Z,2026-09-20T10:33:29.614547797Z,2026-09-20T10:31:04Z,4.7,iaq,environment,oxocard01
,,2,2026-09-20T10:03:29.614547797Z,2026-09-20T10:33:29.614547797Z,2026-09-20T10:31:09Z,4.1,iaq,environment,oxocard01
,,2,2026-09-20T10:03:29.614547797Z,2026-09-20T10:33:29.614547797Z,2026-09-20T10:31:14Z,3.6,iaq,environment,oxocard01
,,2,2026-09-20T10:03:29.614547797Z,2026-09-20T10:33:29.614547797Z,2026-09-20T10:31:19Z,2.9,iaq,environment,oxocard01
,,2,2026-09-20T10:03:29.614547797Z,2026-09-20T10:33:29.614547797Z,2026-09-20T10:31:24Z,2.3,iaq,environment,oxocard01
,,2,2026-09-20T10:03:29.614547797Z,2026-09-20T10:33:29.614547797Z,2026-09-20T10:31:29Z,2,iaq,environment,oxocard01
,,2,2026-09-20T10:03:29.614547797Z,2026-09-20T10:33:29.614547797Z,2026-09-20T10:31:34Z,1.9,iaq,environment,oxocard01
,,2,2026-09-20T10:03:29.614547797Z,2026-09-20T10:33:29.614547797Z,2026-09-20T10:31:39Z,1.9,iaq,environment,oxocard01
,,2,2026-09-20T10:03:29.614547797Z,2026-09-20T10:33:29.614547797Z,2026-09-20T10:31:44Z,1.7,iaq,environment,oxocard01
,,2,2026-09-20T10:03:29.614547797Z,2026-09-20T10:33:29.614547797Z,2026-09-20T10:31:49Z,1.4,iaq,environment,oxocard01
,,2,2026-09-20T10:03:29.614547797Z,2026-09-20T10:33:29.614547797Z,2026-09-20T10:31:54Z,1.3,iaq,environment,oxocard01
,,2,2026-09-20T10:03:29.614547797Z,2026-09-20T10:33:29.614547797Z,2026-09-20T10:31:59Z,1.3,iaq,environment,oxocard01
,,2,2026-09-20T10:03:29.614547797Z,2026-09-20T10:33:29.614547797Z,2026-09-20T10:32:04Z,1.3,iaq,environment,oxocard01
,,2,2026-09-20T10:03:29.614547797Z,2026-09-20T10:33:29.614547797Z,2026-09-20T10:32:09Z,1.3,iaq,environment,oxocard01
,,2,2026-09-20T10:03:29.614547797Z,2026-09-20T10:33:29.614547797Z,2026-09-20T10:32:14Z,1.3,iaq,environment,oxocard01
,,2,2026-09-20T10:03:29.614547797Z,2026-09-20T10:33:29.614547797Z,2026-09-20T10:32:19Z,1.3,iaq,environment,oxocard01
,,2,2026-09-20T10:03:29.614547797Z,2026-09-20T10:33:29.614547797Z,2026-09-20T10:32:24Z,1.3,iaq,environment,oxocard01
,,2,2026-09-20T10:03:29.614547797Z,2026-09-20T10:33:29.614547797Z,2026-09-20T10:32:29Z,1.3,iaq,environment,oxocard01
,,2,2026-09-20T10:03:29.614547797Z,2026-09-20T10:33:29.614547797Z,2026-09-20T10:32:34Z,1.3,iaq,environment,oxocard01
,,2,2026-09-20T10:03:29.614547797Z,2026-09-20T10:33:29.614547797Z,2026-09-20T10:32:39Z,1.3,iaq,environment,oxocard01
,,2,2026-09-20T10:03:29.614547797Z,2026-09-20T10:33:29.614547797Z,2026-09-20T10:32:44Z,1.3,iaq,environment,oxocard01
,,2,2026-09-20T10:03:29.614547797Z,2026-09-20T10:33:29.614547797Z,2026-09-20T10:32:49Z,1.3,iaq,environment,oxocard01
,,2,2026-09-20T10:03:29.614547797Z,2026-09-20T10:33:29.614547797Z,2026-09-20T10:32:54Z,1.3,iaq,environment,oxocard01
,,2,2026-09-20T10:03:29.614547797Z,2026-09-20T10:33:29.614547797Z,2026-09-20T10:32:59Z,1.3,iaq,environment,oxocard01
,,2,2026-09-20T10:03:29.614547797Z,2026-09-20T10:33:29.614547797Z,2026-09-20T10:33:04Z,1.3,iaq,environment,oxocard01
,,2,2026-09-20T10:03:29.614547797Z,2026-09-20T10:33:29.614547797Z,2026-09-20T10:33:09Z,1.3,iaq,environment,oxocard01
,,2,2026-09-20T10:03:29.614547797Z,2026-09-20T10:33:29.614547797Z,2026-09-20T10:33:14Z,1.3,iaq,environment,oxocard01
,,2,2026-09-20T10:03:29.614547797Z,2026-09-20T10:33:29.614547797Z,2026-09-20T10:33:19Z,1.3,iaq,environment,oxocard01
,,2,2026-09-20T10:03:29.614547797Z,2026-09-20T10:33:29.614547797Z,2026-09-20T10:33:24Z,1.3,iaq,environment,oxocard01
,,2,2026-09-20T10:03:29.614547797Z,2026-09-20T10:33:29.614547797Z,2026-09-20T10:33:29Z,1.3,iaq,environment,oxocard01
,,3,2026-09-20T10:03:29.614547797Z,2026-09-20T10:33:29.614547797Z,2026-09-20T10:03:31Z,963.7,pressure,environment,oxocard01
,,3,2026-09-20T10:03:29.614547797Z,2026-09-20T10:33:29.614547797Z,2026-09-20T10:03:36Z,964,pressure,environment,oxocard01
,,3,2026-09-20T10:03:29.614547797Z,2026-09-20T10:33:29.614547797Z,2026-09-20T10:03:41Z,964,pressure,environment,oxocard01
,,3,2026-09-20T10:03:29.614547797Z,2026-09-20T10:33:29.614547797Z,2026-09-20T10:03:46Z,964,pressure,environment,oxocard01
,,3,2026-09-20T10:03:29.614547797Z,2026-09-20T10:33:29.614547797Z,2026-09-20T10:03:51Z,964,pressure,environment,oxocard01
,,3,2026-09-20T10:03:29.614547797Z,2026-09-20T10:33:29.614547797Z,2026-09-20T10:03:56Z,964,pressure,environment,oxocard01
,,3,2026-09-20T10:03:29.614547797Z,2026-09-20T10:33:29.614547797Z,2026-09-20T10:04:01Z,964,pressure,environment,oxocard01
,,3,2026-09-20T10:03:29.614547797Z,2026-09-20T10:33:29.614547797Z,2026-09-20T10:04:06Z,964.1,pressure,environment,oxocard01
,,3,2026-09-20T10:03:29.614547797Z,2026-09-20T10:33:29.614547797Z,2026-09-20T10:04:11Z,964,pressure,environment,oxocard01
,,3,2026-09-20T10:03:29.614547797Z,2026-09-20T10:33:29.614547797Z,2026-09-20T10:04:16Z,964,pressure,environment,oxocard01
,,3,2026-09-20T10:03:29.614547797Z,2026-09-20T10:33:29.614547797Z,2026-09-20T10:04:21Z,964,pressure,environment,oxocard01
,,3,2026-09-20T10:03:29.614547797Z,2026-09-20T10:33:29.614547797Z,2026-09-20T10:04:26Z,964,pressure,environment,oxocard01
,,3,2026-09-20T10:03:29.614547797Z,2026-09-20T10:33:29.614547797Z,2026-09-20T10:04:31Z,964,pressure,environment,oxocard01
,,3,2026-09-20T10:03:29.614547797Z,2026-09-20T10:33:29.614547797Z,2026-09-20T10:04:36Z,964,pressure,environment,oxocard01
,,3,2026-09-20T10:03:29.614547797Z,2026-09-20T10:33:29.614547797Z,2026-09-20T10:04:41Z,964,pressure,environment,oxocard01
,,3,2026-09-20T10:03:29.614547797Z,2026-09-20T10:33:29.614547797Z,2026-09-20T10:04:46Z,964,pressure,environment,oxocard01
,,3,2026-09-20T10:03:29.614547797Z,2026-09-20T10:33:29.614547797Z,2026-09-20T10:04:51Z,964.1,pressure,environment,oxocard01
,,3,2026-09-20T10:03:29.614547797Z,2026-09-20T10:33:29.614547797Z,2026-09-20T10:04:56Z,964,pressure,environment,oxocard01
,,3,2026-09-20T10:03:29.614547797Z,2026-09-20T10:33:29.614547797Z,2026-09-20T10:05:01Z,964.1,pressure,environment,oxocard01
,,3,2026-09-20T10:03:29.614547797Z,2026-09-20T10:33:29.614547797Z,2026-09-20T10:05:06Z,964.1,pressure,environment,oxocard01
,,3,2026-09-20T10:03:29.614547797Z,2026-09-20T10:33:29.614547797Z,2026-09-20T10:05:11Z,964,pressure,environment,oxocard01
,,3,2026-09-20T10:03:29.614547797Z,2026-09-20T10:33:29.614547797Z,2026-09-20T10:05:16Z,964,pressure,environment,oxocard01
,,3,2026-09-20T10:03:29.614547797Z,2026-09-20T10:33:29.614547797Z,2026-09-20T10:05:21Z,964,pressure,environment,oxocard01
,,3,2026-09-20T10:03:29.614547797Z,2026-09-20T10:33:29.614547797Z,2026-09-20T10:05:26Z,964.1,pressure,environment,oxocard01
,,3,2026-09-20T10:03:29.614547797Z,2026-09-20T10:33:29.614547797Z,2026-09-20T10:05:31Z,964,pressure,environment,oxocard01
,,3,2026-09-20T10:03:29.614547797Z,2026-09-20T10:33:29.614547797Z,2026-09-20T10:05:36Z,964,pressure,environment,oxocard01
,,3,2026-09-20T10:03:29.614547797Z,2026-09-20T10:33:29.614547797Z,2026-09-20T10:05:41Z,964.1,pressure,environment,oxocard01
,,3,2026-09-20T10:03:29.614547797Z,2026-09-20T10:33:29.614547797Z,2026-09-20T10:05:46Z,964,pressure,environment,oxocard01
,,3,2026-09-20T10:03:29.614547797Z,2026-09-20T10:33:29.614547797Z,2026-09-20T10:05:51Z,964,pressure,environment,oxocard01
,,3,2026-09-20T10:03:29.614547797Z,2026-09-20T10:33:29.614547797Z,2026-09-20T10:05:56Z,964,pressure,environment,oxocard01
,,3,2026-09-20T10:03:29.614547797Z,2026-09-20T10:33:29.614547797Z,2026-09-20T10:06:01Z,964.2,pressure,environment,oxocard01
,,3,2026-09-20T10:03:29.614547797Z,2026-09-20T10:33:29.614547797Z,2026-09-20T10:06:06Z,964,pressure,environment,oxocard01
,,3,2026-09-20T10:03:29.614547797Z,2026-09-20T10:33:29.614547797Z,2026-09-20T10:06:11Z,964,pressure,environment,oxocard01
,,3,2026-09-20T10:03:29.614547797Z,2026-09-20T10:33:29.614547797Z,2026-09-20T10:06:16Z,964.2,pressure,environment,oxocard01
,,3,2026-09-20T10:03:29.614547797Z,2026-09-20T10:33:29.614547797Z,2026-09-20T10:06:21Z,964,pressure,environment,oxocard01
,,3,2026-09-20T10:03:29.614547797Z,2026-09-20T10:33:29.614547797Z,2026-09-20T10:06:26Z,964,pressure,environment,oxocard01
,,3,2026-09-20T10:03:29.614547797Z,2026-09-20T10:33:29.614547797Z,2026-09-20T10:06:31Z,964,pressure,environment,oxocard01
,,3,2026-09-20T10:03:29.614547797Z,2026-09-20T10:33:29.614547797Z,2026-09-20T10:06:36Z,964,pressure,environment,oxocard01
,,3,2026-09-20T10:03:29.614547797Z,2026-09-20T10:33:29.614547797Z,2026-09-20T10:06:41Z,964.1,pressure,environment,oxocard01
,,3,2026-09-20T10:03:29.614547797Z,2026-09-20T10:33:29.614547797Z,2026-09-20T10:06:47Z,964,pressure,environment,oxocard01
,,3,2026-09-20T10:03:29.614547797Z,2026-09-20T10:33:29.614547797Z,2026-09-20T10:06:51Z,963.9,pressure,environment,oxocard01
,,3,2026-09-20T10:03:29.614547797Z,2026-09-20T10:33:29.614547797Z,2026-09-20T10:06:56Z,964,pressure,environment,oxocard01
,,3,2026-09-20T10:03:29.614547797Z,2026-09-20T10:33:29.614547797Z,2026-09-20T10:07:01Z,964,pressure,environment,oxocard01
,,3,2026-09-20T10:03:29.614547797Z,2026-09-20T10:33:29.614547797Z,2026-09-20T10:07:06Z,964,pressure,environment,oxocard01
,,3,2026-09-20T10:03:29.614547797Z,2026-09-20T10:33:29.614547797Z,2026-09-20T10:07:11Z,964.2,pressure,environment,oxocard01
,,3,2026-09-20T10:03:29.614547797Z,2026-09-20T10:33:29.614547797Z,2026-09-20T10:07:16Z,964,pressure,environment,oxocard01
,,3,2026-09-20T10:03:29.614547797Z,2026-09-20T10:33:29.614547797Z,2026-09-20T10:07:21Z,964,pressure,environment,oxocard01
,,3,2026-09-20T10:03:29.614547797Z,2026-09-20T10:33:29.614547797Z,2026-09-20T10:07:26Z,964,pressure,environment,oxocard01
,,3,2026-09-20T10:03:29.614547797Z,2026-09-20T10:33:29.614547797Z,2026-09-20T10:07:32Z,964.1,pressure,environment,oxocard01
,,3,2026-09-20T10:03:29.614547797Z,2026-09-20T10:33:29.614547797Z,2026-09-20T10:07:37Z,964,pressure,environment,oxocard01
,,3,2026-09-20T10:03:29.614547797Z,2026-09-20T10:33:29.614547797Z,2026-09-20T10:07:42Z,964,pressure,environment,oxocard01
,,3,2026-09-20T10:03:29.614547797Z,2026-09-20T10:33:29.614547797Z,2026-09-20T10:07:47Z,964,pressure,environment,oxocard01
,,3,2026-09-20T10:03:29.614547797Z,2026-09-20T10:33:29.614547797Z,2026-09-20T10:07:52Z,964.1,pressure,environment,oxocard01
,,3,2026-09-20T10:03:29.614547797Z,2026-09-20T10:33:29.614547797Z,2026-09-20T10:07:57Z,964,pressure,environment,oxocard01
,,3,2026-09-20T10:03:29.614547797Z,2026-09-20T10:33:29.614547797Z,2026-09-20T10:08:02Z,964,pressure,environment,oxocard01
,,3,2026-09-20T10:03:29.614547797Z,2026-09-20T10:33:29.614547797Z,2026-09-20T10:08:07Z,964,pressure,environment,oxocard01
,,3,2026-09-20T10:03:29.614547797Z,2026-09-20T10:33:29.614547797Z,2026-09-20T10:08:12Z,964,pressure,environment,oxocard01
,,3,2026-09-20T10:03:29.614547797Z,2026-09-20T10:33:29.614547797Z,2026-09-20T10:08:17Z,964.1,pressure,environment,oxocard01
,,3,2026-09-20T10:03:29.614547797Z,2026-09-20T10:33:29.614547797Z,2026-09-20T10:08:22Z,964,pressure,environment,oxocard01
,,3,2026-09-20T10:03:29.614547797Z,2026-09-20T10:33:29.614547797Z,2026-09-20T10:08:27Z,964,pressure,environment,oxocard01
,,3,2026-09-20T10:03:29.614547797Z,2026-09-20T10:33:29.614547797Z,2026-09-20T10:08:32Z,964,pressure,environment,oxocard01
,,3,2026-09-20T10:03:29.614547797Z,2026-09-20T10:33:29.614547797Z,2026-09-20T10:08:37Z,963.6,pressure,environment,oxocard01
,,3,2026-09-20T10:03:29.614547797Z,2026-09-20T10:33:29.614547797Z,2026-09-20T10:08:42Z,964,pressure,environment,oxocard01
,,3,2026-09-20T10:03:29.614547797Z,2026-09-20T10:33:29.614547797Z,2026-09-20T10:08:47Z,964,pressure,environment,oxocard01
,,3,2026-09-20T10:03:29.614547797Z,2026-09-20T10:33:29.614547797Z,2026-09-20T10:08:52Z,964,pressure,environment,oxocard01
,,3,2026-09-20T10:03:29.614547797Z,2026-09-20T10:33:29.614547797Z,2026-09-20T10:08:57Z,964.2,pressure,environment,oxocard01
,,3,2026-09-20T10:03:29.614547797Z,2026-09-20T10:33:29.614547797Z,2026-09-20T10:09:02Z,963.9,pressure,environment,oxocard01
,,3,2026-09-20T10:03:29.614547797Z,2026-09-20T10:33:29.614547797Z,2026-09-20T10:09:07Z,964.1,pressure,environment,oxocard01
,,3,2026-09-20T10:03:29.614547797Z,2026-09-20T10:33:29.614547797Z,2026-09-20T10:09:12Z,964,pressure,environment,oxocard01
,,3,2026-09-20T10:03:29.614547797Z,2026-09-20T10:33:29.614547797Z,2026-09-20T10:09:17Z,964,pressure,environment,oxocard01
,,3,2026-09-20T10:03:29.614547797Z,2026-09-20T10:33:29.614547797Z,2026-09-20T10:09:22Z,964,pressure,environment,oxocard01
,,3,2026-09-20T10:03:29.614547797Z,2026-09-20T10:33:29.614547797Z,2026-09-20T10:09:27Z,964,pressure,environment,oxocard01
,,3,2026-09-20T10:03:29.614547797Z,2026-09-20T10:33:29.614547797Z,2026-09-20T10:09:32Z,964,pressure,environment,oxocard01
,,3,2026-09-20T10:03:29.614547797Z,2026-09-20T10:33:29.614547797Z,2026-09-20T10:09:37Z,964,pressure,environment,oxocard01
,,3,2026-09-20T10:03:29.614547797Z,2026-09-20T10:33:29.614547797Z,2026-09-20T10:09:42Z,964,pressure,environment,oxocard01
,,3,2026-09-20T10:03:29.614547797Z,2026-09-20T10:33:29.614547797Z,2026-09-20T10:09:47Z,964,pressure,environment,oxocard01
,,3,2026-09-20T10:03:29.614547797Z,2026-09-20T10:33:29.614547797Z,2026-09-20T10:09:52Z,963.9,pressure,environment,oxocard01
,,3,2026-09-20T10:03:29.614547797Z,2026-09-20T10:33:29.614547797Z,2026-09-20T10:09:57Z,963.9,pressure,environment,oxocard01
,,3,2026-09-20T10:03:29.614547797Z,2026-09-20T10:33:29.614547797Z,2026-09-20T10:10:02Z,964,pressure,environment,oxocard01
,,3,2026-09-20T10:03:29.614547797Z,2026-09-20T10:33:29.614547797Z,2026-09-20T10:10:07Z,964,pressure,environment,oxocard01
,,3,2026-09-20T10:03:29.614547797Z,2026-09-20T10:33:29.614547797Z,2026-09-20T10:10:12Z,964,pressure,environment,oxocard01
,,3,2026-09-20T10:03:29.614547797Z,2026-09-20T10:33:29.614547797Z,2026-09-20T10:10:17Z,964,pressure,environment,oxocard01
,,3,2026-09-20T10:03:29.614547797Z,2026-09-20T10:33:29.614547797Z,2026-09-20T10:10:22Z,964,pressure,environment,oxocard01
,,3,2026-09-20T10:03:29.614547797Z,2026-09-20T10:33:29.614547797Z,2026-09-20T10:10:27Z,964,pressure,environment,oxocard01
,,3,2026-09-20T10:03:29.614547797Z,2026-09-20T10:33:29.614547797Z,2026-09-20T10:10:32Z,963.9,pressure,environment,oxocard01
,,3,2026-09-20T10:03:29.614547797Z,2026-09-20T10:33:29.614547797Z,2026-09-20T10:10:37Z,964,pressure,environment,oxocard01
,,3,2026-09-20T10:03:29.614547797Z,2026-09-20T10:33:29.614547797Z,2026-09-20T10:10:42Z,964,pressure,environment,oxocard01
,,3,2026-09-20T10:03:29.614547797Z,2026-09-20T10:33:29.614547797Z,2026-09-20T10:10:47Z,964,pressure,environment,oxocard01
,,3,2026-09-20T10:03:29.614547797Z,2026-09-20T10:33:29.614547797Z,2026-09-20T10:10:52Z,964,pressure,environment,oxocard01
,,3,2026-09-20T10:03:29.614547797Z,2026-09-20T10:33:29.614547797Z,2026-09-20T10:10:58Z,963.9,pressure,environment,oxocard01
,,3,2026-09-20T10:03:29.614547797Z,2026-09-20T10:33:29.614547797Z,2026-09-20T10:11:02Z,964,pressure,environment,oxocard01
,,3,2026-09-20T10:03:29.614547797Z,2026-09-20T10:33:29.614547797Z,2026-09-20T10:11:07Z,964,pressure,environment,oxocard01
,,3,2026-09-20T10:03:29.614547797Z,2026-09-20T10:33:29.614547797Z,2026-09-20T10:11:12Z,964,pressure,environment,oxocard01
,,3,2026-09-20T10:03:29.614547797Z,2026-09-20T10:33:29.614547797Z,2026-09-20T10:11:17Z,964,pressure,environment,oxocard01
,,3,2026-09-20T10:03:29.614547797Z,2026-09-20T10:33:29.614547797Z,2026-09-20T10:11:22Z,964,pressure,environment,oxocard01
,,3,2026-09-20T10:03:29.614547797Z,2026-09-20T10:33:29.614547797Z,2026-09-20T10:11:27Z,963.8,pressure,environment,oxocard01
,,3,2026-09-20T10:03:29.614547797Z,2026-09-20T10:33:29.614547797Z,2026-09-20T10:11:32Z,963.9,pressure,environment,oxocard01
,,3,2026-09-20T10:03:29.614547797Z,2026-09-20T10:33:29.614547797Z,2026-09-20T10:11:37Z,964,pressure,environment,oxocard01
,,3,2026-09-20T10:03:29.614547797Z,2026-09-20T10:33:29.614547797Z,2026-09-20T10:11:42Z,963.9,pressure,environment,oxocard01
,,3,2026-09-20T10:03:29.614547797Z,2026-09-20T10:33:29.614547797Z,2026-09-20T10:11:48Z,964,pressure,environment,oxocard01
,,3,2026-09-20T10:03:29.614547797Z,2026-09-20T10:33:29.614547797Z,2026-09-20T10:11:53Z,964,pressure,environment,oxocard01
,,3,2026-09-20T10:03:29.614547797Z,2026-09-20T10:33:29.614547797Z,2026-09-20T10:11:58Z,963.9,pressure,environment,oxocard01
,,3,2026-09-20T10:03:29.614547797Z,2026-09-20T10:33:29.614547797Z,2026-09-20T10:12:03Z,964,pressure,environment,oxocard01
,,3,2026-09-20T10:03:29.614547797Z,2026-09-20T10:33:29.614547797Z,2026-09-20T10:12:08Z,964,pressure,environment,oxocard01
,,3,2026-09-20T10:03:29.614547797Z,2026-09-20T10:33:29.614547797Z,2026-09-20T10:12:13Z,964,pressure,environment,oxocard01
,,3,2026-09-20T10:03:29.614547797Z,2026-09-20T10:33:29.614547797Z,2026-09-20T10:12:18Z,964,pressure,environment,oxocard01
,,3,2026-09-20T10:03:29.614547797Z,2026-09-20T10:33:29.614547797Z,2026-09-20T10:12:23Z,963.9,pressure,environment,oxocard01
,,3,2026-09-20T10:03:29.614547797Z,2026-09-20T10:33:29.614547797Z,2026-09-20T10:12:28Z,964,pressure,environment,oxocard01
,,3,2026-09-20T10:03:29.614547797Z,2026-09-20T10:33:29.614547797Z,2026-09-20T10:12:33Z,964,pressure,environment,oxocard01
,,3,2026-09-20T10:03:29.614547797Z,2026-09-20T10:33:29.614547797Z,2026-09-20T10:12:38Z,964,pressure,environment,oxocard01
,,3,2026-09-20T10:03:29.614547797Z,2026-09-20T10:33:29.614547797Z,2026-09-20T10:12:43Z,963.9,pressure,environment,oxocard01
,,3,2026-09-20T10:03:29.614547797Z,2026-09-20T10:33:29.614547797Z,2026-09-20T10:12:48Z,964,pressure,environment,oxocard01
,,3,2026-09-20T10:03:29.614547797Z,2026-09-20T10:33:29.614547797Z,2026-09-20T10:12:53Z,963.9,pressure,environment,oxocard01
,,3,2026-09-20T10:03:29.614547797Z,2026-09-20T10:33:29.614547797Z,2026-09-20T10:12:58Z,964,pressure,environment,oxocard01
,,3,2026-09-20T10:03:29.614547797Z,2026-09-20T10:33:29.614547797Z,2026-09-20T10:13:03Z,964,pressure,environment,oxocard01
,,3,2026-09-20T10:03:29.614547797Z,2026-09-20T10:33:29.614547797Z,2026-09-20T10:13:08Z,964,pressure,environment,oxocard01
,,3,2026-09-20T10:03:29.614547797Z,2026-09-20T10:33:29.614547797Z,2026-09-20T10:13:13Z,964,pressure,environment,oxocard01
,,3,2026-09-20T10:03:29.614547797Z,2026-09-20T10:33:29.614547797Z,2026-09-20T10:13:18Z,964.1,pressure,environment,oxocard01
,,3,2026-09-20T10:03:29.614547797Z,2026-09-20T10:33:29.614547797Z,2026-09-20T10:13:23Z,964,pressure,environment,oxocard01
,,3,2026-09-20T10:03:29.614547797Z,2026-09-20T10:33:29.614547797Z,2026-09-20T10:13:28Z,964,pressure,environment,oxocard01
,,3,2026-09-20T10:03:29.614547797Z,2026-09-20T10:33:29.614547797Z,2026-09-20T10:13:33Z,964.1,pressure,environment,oxocard01
,,3,2026-09-20T10:03:29.614547797Z,2026-09-20T10:33:29.614547797Z,2026-09-20T10:13:38Z,964,pressure,environment,oxocard01
,,3,2026-09-20T10:03:29.614547797Z,2026-09-20T10:33:29.614547797Z,2026-09-20T10:13:43Z,964,pressure,environment,oxocard01
,,3,2026-09-20T10:03:29.614547797Z,2026-09-20T10:33:29.614547797Z,2026-09-20T10:13:48Z,964,pressure,environment,oxocard01
,,3,2026-09-20T10:03:29.614547797Z,2026-09-20T10:33:29.614547797Z,2026-09-20T10:13:53Z,963.7,pressure,environment,oxocard01
,,3,2026-09-20T10:03:29.614547797Z,2026-09-20T10:33:29.614547797Z,2026-09-20T10:13:58Z,963.8,pressure,environment,oxocard01
,,3,2026-09-20T10:03:29.614547797Z,2026-09-20T10:33:29.614547797Z,2026-09-20T10:14:03Z,963.9,pressure,environment,oxocard01
,,3,2026-09-20T10:03:29.614547797Z,2026-09-20T10:33:29.614547797Z,2026-09-20T10:14:08Z,964,pressure,environment,oxocard01
,,3,2026-09-20T10:03:29.614547797Z,2026-09-20T10:33:29.614547797Z,2026-09-20T10:14:13Z,963.9,pressure,environment,oxocard01
,,3,2026-09-20T10:03:29.614547797Z,2026-09-20T10:33:29.614547797Z,2026-09-20T10:14:18Z,964,pressure,environment,oxocard01
,,3,2026-09-20T10:03:29.614547797Z,2026-09-20T10:33:29.614547797Z,2026-09-20T10:14:23Z,964,pressure,environment,oxocard01
,,3,2026-09-20T10:03:29.614547797Z,2026-09-20T10:33:29.614547797Z,2026-09-20T10:14:28Z,964,pressure,environment,oxocard01
,,3,2026-09-20T10:03:29.614547797Z,2026-09-20T10:33:29.614547797Z,2026-09-20T10:14:33Z,964,pressure,environment,oxocard01
,,3,2026-09-20T10:03:29.614547797Z,2026-09-20T10:33:29.614547797Z,2026-09-20T10:14:38Z,964,pressure,environment,oxocard01
,,3,2026-09-20T10:03:29.614547797Z,2026-09-20T10:33:29.614547797Z,2026-09-20T10:14:43Z,964,pressure,environment,oxocard01
,,3,2026-09-20T10:03:29.614547797Z,2026-09-20T10:33:29.614547797Z,2026-09-20T10:14:48Z,964,pressure,environment,oxocard01
,,3,2026-09-20T10:03:29.614547797Z,2026-09-20T10:33:29.614547797Z,2026-09-20T10:14:53Z,964,pressure,environment,oxocard01
,,3,2026-09-20T10:03:29.614547797Z,2026-09-20T10:33:29.614547797Z,2026-09-20T10:14:58Z,964,pressure,environment,oxocard01
,,3,2026-09-20T10:03:29.614547797Z,2026-09-20T10:33:29.614547797Z,2026-09-20T10:15:03Z,964,pressure,environment,oxocard01
,,3,2026-09-20T10:03:29.614547797Z,2026-09-20T10:33:29.614547797Z,2026-09-20T10:15:08Z,964,pressure,environment,oxocard01
,,3,2026-09-20T10:03:29.614547797Z,2026-09-20T10:33:29.614547797Z,2026-09-20T10:15:13Z,964,pressure,environment,oxocard01
,,3,2026-09-20T10:03:29.614547797Z,2026-09-20T10:33:29.614547797Z,2026-09-20T10:15:18Z,964.1,pressure,environment,oxocard01
,,3,2026-09-20T10:03:29.614547797Z,2026-09-20T10:33:29.614547797Z,2026-09-20T10:15:23Z,964.1,pressure,environment,oxocard01
,,3,2026-09-20T10:03:29.614547797Z,2026-09-20T10:33:29.614547797Z,2026-09-20T10:15:28Z,964,pressure,environment,oxocard01
,,3,2026-09-20T10:03:29.614547797Z,2026-09-20T10:33:29.614547797Z,2026-09-20T10:15:33Z,964,pressure,environment,oxocard01
,,3,2026-09-20T10:03:29.614547797Z,2026-09-20T10:33:29.614547797Z,2026-09-20T10:15:39Z,964,pressure,environment,oxocard01
,,3,2026-09-20T10:03:29.614547797Z,2026-09-20T10:33:29.614547797Z,2026-09-20T10:15:43Z,964.1,pressure,environment,oxocard01
,,3,2026-09-20T10:03:29.614547797Z,2026-09-20T10:33:29.614547797Z,2026-09-20T10:15:48Z,964,pressure,environment,oxocard01
,,3,2026-09-20T10:03:29.614547797Z,2026-09-20T10:33:29.614547797Z,2026-09-20T10:15:53Z,964,pressure,environment,oxocard01
,,3,2026-09-20T10:03:29.614547797Z,2026-09-20T10:33:29.614547797Z,2026-09-20T10:15:58Z,964,pressure,environment,oxocard01
,,3,2026-09-20T10:03:29.614547797Z,2026-09-20T10:33:29.614547797Z,2026-09-20T10:16:03Z,964,pressure,environment,oxocard01
,,3,2026-09-20T10:03:29.614547797Z,2026-09-20T10:33:29.614547797Z,2026-09-20T10:16:08Z,964,pressure,environment,oxocard01
,,3,2026-09-20T10:03:29.614547797Z,2026-09-20T10:33:29.614547797Z,2026-09-20T10:16:13Z,963.8,pressure,environment,oxocard01
,,3,2026-09-20T10:03:29.614547797Z,2026-09-20T10:33:29.614547797Z,2026-09-20T10:16:18Z,964,pressure,environment,oxocard01
,,3,2026-09-20T10:03:29.614547797Z,2026-09-20T10:33:29.614547797Z,2026-09-20T10:16:24Z,964,pressure,environment,oxocard01
,,3,2026-09-20T10:03:29.614547797Z,2026-09-20T10:33:29.614547797Z,2026-09-20T10:16:29Z,963.9,pressure,environment,oxocard01
,,3,2026-09-20T10:03:29.614547797Z,2026-09-20T10:33:29.614547797Z,2026-09-20T10:16:34Z,964,pressure,environment,oxocard01
,,3,2026-09-20T10:03:29.614547797Z,2026-09-20T10:33:29.614547797Z,2026-09-20T10:16:39Z,964,pressure,environment,oxocard01
,,3,2026-09-20T10:03:29.614547797Z,2026-09-20T10:33:29.614547797Z,2026-09-20T10:16:44Z,964,pressure,environment,oxocard01
,,3,2026-09-20T10:03:29.614547797Z,2026-09-20T10:33:29.614547797Z,2026-09-20T10:16:49Z,964,pressure,environment,oxocard01
,,3,2026-09-20T10:03:29.614547797Z,2026-09-20T10:33:29.614547797Z,2026-09-20T10:16:54Z,964.1,pressure,environment,oxocard01
,,3,2026-09-20T10:03:29.614547797Z,2026-09-20T10:33:29.614547797Z,2026-09-20T10:16:59Z,964,pressure,environment,oxocard01
,,3,2026-09-20T10:03:29.614547797Z,2026-09-20T10:33:29.614547797Z,2026-09-20T10:17:04Z,964,pressure,environment,oxocard01
,,3,2026-09-20T10:03:29.614547797Z,2026-09-20T10:33:29.614547797Z,2026-09-20T10:17:09Z,964,pressure,environment,oxocard01
,,3,2026-09-20T10:03:29.614547797Z,2026-09-20T10:33:29.614547797Z,2026-09-20T10:17:14Z,964,pressure,environment,oxocard01
,,3,2026-09-20T10:03:29.614547797Z,2026-09-20T10:33:29.614547797Z,2026-09-20T10:17:19Z,964,pressure,environment,oxocard01
,,3,2026-09-20T10:03:29.614547797Z,2026-09-20T10:33:29.614547797Z,2026-09-20T10:17:24Z,964,pressure,environment,oxocard01
,,3,2026-09-20T10:03:29.614547797Z,2026-09-20T10:33:29.614547797Z,2026-09-20T10:17:29Z,964,pressure,environment,oxocard01
,,3,2026-09-20T10:03:29.614547797Z,2026-09-20T10:33:29.614547797Z,2026-09-20T10:17:34Z,964,pressure,environment,oxocard01
,,3,2026-09-20T10:03:29.614547797Z,2026-09-20T10:33:29.614547797Z,2026-09-20T10:17:39Z,964,pressure,environment,oxocard01
,,3,2026-09-20T10:03:29.614547797Z,2026-09-20T10:33:29.614547797Z,2026-09-20T10:17:44Z,964,pressure,environment,oxocard01
,,3,2026-09-20T10:03:29.614547797Z,2026-09-20T10:33:29.614547797Z,2026-09-20T10:17:49Z,964,pressure,environment,oxocard01
,,3,2026-09-20T10:03:29.614547797Z,2026-09-20T10:33:29.614547797Z,2026-09-20T10:17:54Z,964,pressure,environment,oxocard01
,,3,2026-09-20T10:03:29.614547797Z,2026-09-20T10:33:29.614547797Z,2026-09-20T10:17:59Z,964,pressure,environment,oxocard01
,,3,2026-09-20T10:03:29.614547797Z,2026-09-20T10:33:29.614547797Z,2026-09-20T10:18:04Z,964,pressure,environment,oxocard01
,,3,2026-09-20T10:03:29.614547797Z,2026-09-20T10:33:29.614547797Z,2026-09-20T10:18:09Z,964,pressure,environment,oxocard01
,,3,2026-09-20T10:03:29.614547797Z,2026-09-20T10:33:29.614547797Z,2026-09-20T10:18:14Z,964,pressure,environment,oxocard01
,,3,2026-09-20T10:03:29.614547797Z,2026-09-20T10:33:29.614547797Z,2026-09-20T10:18:19Z,964,pressure,environment,oxocard01
,,3,2026-09-20T10:03:29.614547797Z,2026-09-20T10:33:29.614547797Z,2026-09-20T10:18:24Z,964,pressure,environment,oxocard01
,,3,2026-09-20T10:03:29.614547797Z,2026-09-20T10:33:29.614547797Z,2026-09-20T10:18:29Z,964,pressure,environment,oxocard01
,,3,2026-09-20T10:03:29.614547797Z,2026-09-20T10:33:29.614547797Z,2026-09-20T10:18:34Z,964.1,pressure,environment,oxocard01
,,3,2026-09-20T10:03:29.614547797Z,2026-09-20T10:33:29.614547797Z,2026-09-20T10:18:39Z,964.1,pressure,environment,oxocard01
,,3,2026-09-20T10:03:29.614547797Z,2026-09-20T10:33:29.614547797Z,2026-09-20T10:18:44Z,964,pressure,environment,oxocard01
,,3,2026-09-20T10:03:29.614547797Z,2026-09-20T10:33:29.614547797Z,2026-09-20T10:18:49Z,964,pressure,environment,oxocard01
,,3,2026-09-20T10:03:29.614547797Z,2026-09-20T10:33:29.614547797Z,2026-09-20T10:18:55Z,963.8,pressure,environment,oxocard01
,,3,2026-09-20T10:03:29.614547797Z,2026-09-20T10:33:29.614547797Z,2026-09-20T10:19:00Z,964.1,pressure,environment,oxocard01
,,3,2026-09-20T10:03:29.614547797Z,2026-09-20T10:33:29.614547797Z,2026-09-20T10:19:05Z,964,pressure,environment,oxocard01
,,3,2026-09-20T10:03:29.614547797Z,2026-09-20T10:33:29.614547797Z,2026-09-20T10:19:10Z,964.1,pressure,environment,oxocard01
,,3,2026-09-20T10:03:29.614547797Z,2026-09-20T10:33:29.614547797Z,2026-09-20T10:19:14Z,964.1,pressure,environment,oxocard01
,,3,2026-09-20T10:03:29.614547797Z,2026-09-20T10:33:29.614547797Z,2026-09-20T10:19:19Z,964,pressure,environment,oxocard01
,,3,2026-09-20T10:03:29.614547797Z,2026-09-20T10:33:29.614547797Z,2026-09-20T10:19:25Z,964,pressure,environment,oxocard01
,,3,2026-09-20T10:03:29.614547797Z,2026-09-20T10:33:29.614547797Z,2026-09-20T10:19:29Z,964,pressure,environment,oxocard01
,,3,2026-09-20T10:03:29.614547797Z,2026-09-20T10:33:29.614547797Z,2026-09-20T10:19:34Z,964,pressure,environment,oxocard01
,,3,2026-09-20T10:03:29.614547797Z,2026-09-20T10:33:29.614547797Z,2026-09-20T10:19:40Z,964.1,pressure,environment,oxocard01
,,3,2026-09-20T10:03:29.614547797Z,2026-09-20T10:33:29.614547797Z,2026-09-20T10:19:45Z,964,pressure,environment,oxocard01
,,3,2026-09-20T10:03:29.614547797Z,2026-09-20T10:33:29.614547797Z,2026-09-20T10:19:50Z,964.1,pressure,environment,oxocard01
,,3,2026-09-20T10:03:29.614547797Z,2026-09-20T10:33:29.614547797Z,2026-09-20T10:19:55Z,964.1,pressure,environment,oxocard01
,,3,2026-09-20T10:03:29.614547797Z,2026-09-20T10:33:29.614547797Z,2026-09-20T10:20:00Z,964.1,pressure,environment,oxocard01
,,3,2026-09-20T10:03:29.614547797Z,2026-09-20T10:33:29.614547797Z,2026-09-20T10:20:05Z,964,pressure,environment,oxocard01
,,3,2026-09-20T10:03:29.614547797Z,2026-09-20T10:33:29.614547797Z,2026-09-20T10:20:10Z,964.1,pressure,environment,oxocard01
,,3,2026-09-20T10:03:29.614547797Z,2026-09-20T10:33:29.614547797Z,2026-09-20T10:20:15Z,964,pressure,environment,oxocard01
,,3,2026-09-20T10:03:29.614547797Z,2026-09-20T10:33:29.614547797Z,2026-09-20T10:20:20Z,964,pressure,environment,oxocard01
,,3,2026-09-20T10:03:29.614547797Z,2026-09-20T10:33:29.614547797Z,2026-09-20T10:20:25Z,964.1,pressure,environment,oxocard01
,,3,2026-09-20T10:03:29.614547797Z,2026-09-20T10:33:29.614547797Z,2026-09-20T10:20:30Z,964,pressure,environment,oxocard01
,,3,2026-09-20T10:03:29.614547797Z,2026-09-20T10:33:29.614547797Z,2026-09-20T10:20:35Z,964.1,pressure,environment,oxocard01
,,3,2026-09-20T10:03:29.614547797Z,2026-09-20T10:33:29.614547797Z,2026-09-20T10:20:40Z,964,pressure,environment,oxocard01
,,3,2026-09-20T10:03:29.614547797Z,2026-09-20T10:33:29.614547797Z,2026-09-20T10:20:45Z,964.1,pressure,environment,oxocard01
,,3,2026-09-20T10:03:29.614547797Z,2026-09-20T10:33:29.614547797Z,2026-09-20T10:20:50Z,964.1,pressure,environment,oxocard01
,,3,2026-09-20T10:03:29.614547797Z,2026-09-20T10:33:29.614547797Z,2026-09-20T10:20:56Z,964,pressure,environment,oxocard01
,,3,2026-09-20T10:03:29.614547797Z,2026-09-20T10:33:29.614547797Z,2026-09-20T10:21:00Z,964,pressure,environment,oxocard01
,,3,2026-09-20T10:03:29.614547797Z,2026-09-20T10:33:29.614547797Z,2026-09-20T10:21:05Z,964.1,pressure,environment,oxocard01
,,3,2026-09-20T10:03:29.614547797Z,2026-09-20T10:33:29.614547797Z,2026-09-20T10:21:10Z,964,pressure,environment,oxocard01
,,3,2026-09-20T10:03:29.614547797Z,2026-09-20T10:33:29.614547797Z,2026-09-20T10:21:15Z,964.1,pressure,environment,oxocard01
,,3,2026-09-20T10:03:29.614547797Z,2026-09-20T10:33:29.614547797Z,2026-09-20T10:21:21Z,964,pressure,environment,oxocard01
,,3,2026-09-20T10:03:29.614547797Z,2026-09-20T10:33:29.614547797Z,2026-09-20T10:21:26Z,964,pressure,environment,oxocard01
,,3,2026-09-20T10:03:29.614547797Z,2026-09-20T10:33:29.614547797Z,2026-09-20T10:21:31Z,964.1,pressure,environment,oxocard01
,,3,2026-09-20T10:03:29.614547797Z,2026-09-20T10:33:29.614547797Z,2026-09-20T10:21:36Z,964.1,pressure,environment,oxocard01
,,3,2026-09-20T10:03:29.614547797Z,2026-09-20T10:33:29.614547797Z,2026-09-20T10:21:41Z,964.1,pressure,environment,oxocard01
,,3,2026-09-20T10:03:29.614547797Z,2026-09-20T10:33:29.614547797Z,2026-09-20T10:21:46Z,964.1,pressure,environment,oxocard01
,,3,2026-09-20T10:03:29.614547797Z,2026-09-20T10:33:29.614547797Z,2026-09-20T10:21:51Z,964,pressure,environment,oxocard01
,,3,2026-09-20T10:03:29.614547797Z,2026-09-20T10:33:29.614547797Z,2026-09-20T10:21:56Z,964.1,pressure,environment,oxocard01
,,3,2026-09-20T10:03:29.614547797Z,2026-09-20T10:33:29.614547797Z,2026-09-20T10:22:01Z,964.2,pressure,environment,oxocard01
,,3,2026-09-20T10:03:29.614547797Z,2026-09-20T10:33:29.614547797Z,2026-09-20T10:22:06Z,964.1,pressure,environment,oxocard01
,,3,2026-09-20T10:03:29.614547797Z,2026-09-20T10:33:29.614547797Z,2026-09-20T10:22:11Z,964.1,pressure,environment,oxocard01
,,3,2026-09-20T10:03:29.614547797Z,2026-09-20T10:33:29.614547797Z,2026-09-20T10:22:16Z,964.1,pressure,environment,oxocard01
,,3,2026-09-20T10:03:29.614547797Z,2026-09-20T10:33:29.614547797Z,2026-09-20T10:22:21Z,964.1,pressure,environment,oxocard01
,,3,2026-09-20T10:03:29.614547797Z,2026-09-20T10:33:29.614547797Z,2026-09-20T10:22:26Z,964.1,pressure,environment,oxocard01
,,3,2026-09-20T10:03:29.614547797Z,2026-09-20T10:33:29.614547797Z,2026-09-20T10:22:32Z,964.1,pressure,environment,oxocard01
,,3,2026-09-20T10:03:29.614547797Z,2026-09-20T10:33:29.614547797Z,2026-09-20T10:22:36Z,964.1,pressure,environment,oxocard01
,,3,2026-09-20T10:03:29.614547797Z,2026-09-20T10:33:29.614547797Z,2026-09-20T10:22:41Z,964.1,pressure,environment,oxocard01
,,3,2026-09-20T10:03:29.614547797Z,2026-09-20T10:33:29.614547797Z,2026-09-20T10:22:47Z,964.1,pressure,environment,oxocard01
,,3,2026-09-20T10:03:29.614547797Z,2026-09-20T10:33:29.614547797Z,2026-09-20T10:22:51Z,964.2,pressure,environment,oxocard01
,,3,2026-09-20T10:03:29.614547797Z,2026-09-20T10:33:29.614547797Z,2026-09-20T10:22:56Z,964.1,pressure,environment,oxocard01
,,3,2026-09-20T10:03:29.614547797Z,2026-09-20T10:33:29.614547797Z,2026-09-20T10:23:01Z,964.2,pressure,environment,oxocard01
,,3,2026-09-20T10:03:29.614547797Z,2026-09-20T10:33:29.614547797Z,2026-09-20T10:23:06Z,964.1,pressure,environment,oxocard01
,,3,2026-09-20T10:03:29.614547797Z,2026-09-20T10:33:29.614547797Z,2026-09-20T10:23:11Z,964.1,pressure,environment,oxocard01
,,3,2026-09-20T10:03:29.614547797Z,2026-09-20T10:33:29.614547797Z,2026-09-20T10:23:16Z,963.8,pressure,environment,oxocard01
,,3,2026-09-20T10:03:29.614547797Z,2026-09-20T10:33:29.614547797Z,2026-09-20T10:23:21Z,964.1,pressure,environment,oxocard01
,,3,2026-09-20T10:03:29.614547797Z,2026-09-20T10:33:29.614547797Z,2026-09-20T10:23:27Z,964.3,pressure,environment,oxocard01
,,3,2026-09-20T10:03:29.614547797Z,2026-09-20T10:33:29.614547797Z,2026-09-20T10:23:32Z,964.1,pressure,environment,oxocard01
,,3,2026-09-20T10:03:29.614547797Z,2026-09-20T10:33:29.614547797Z,2026-09-20T10:23:37Z,964.1,pressure,environment,oxocard01
,,3,2026-09-20T10:03:29.614547797Z,2026-09-20T10:33:29.614547797Z,2026-09-20T10:23:42Z,964.1,pressure,environment,oxocard01
,,3,2026-09-20T10:03:29.614547797Z,2026-09-20T10:33:29.614547797Z,2026-09-20T10:23:46Z,964.1,pressure,environment,oxocard01
,,3,2026-09-20T10:03:29.614547797Z,2026-09-20T10:33:29.614547797Z,2026-09-20T10:23:52Z,964,pressure,environment,oxocard01
,,3,2026-09-20T10:03:29.614547797Z,2026-09-20T10:33:29.614547797Z,2026-09-20T10:23:57Z,964.1,pressure,environment,oxocard01
,,3,2026-09-20T10:03:29.614547797Z,2026-09-20T10:33:29.614547797Z,2026-09-20T10:24:02Z,964.2,pressure,environment,oxocard01
,,3,2026-09-20T10:03:29.614547797Z,2026-09-20T10:33:29.614547797Z,2026-09-20T10:24:07Z,964,pressure,environment,oxocard01
,,3,2026-09-20T10:03:29.614547797Z,2026-09-20T10:33:29.614547797Z,2026-09-20T10:24:12Z,964,pressure,environment,oxocard01
,,3,2026-09-20T10:03:29.614547797Z,2026-09-20T10:33:29.614547797Z,2026-09-20T10:24:17Z,964.1,pressure,environment,oxocard01
,,3,2026-09-20T10:03:29.614547797Z,2026-09-20T10:33:29.614547797Z,2026-09-20T10:24:22Z,964,pressure,environment,oxocard01
,,3,2026-09-20T10:03:29.614547797Z,2026-09-20T10:33:29.614547797Z,2026-09-20T10:24:27Z,964,pressure,environment,oxocard01
,,3,2026-09-20T10:03:29.614547797Z,2026-09-20T10:33:29.614547797Z,2026-09-20T10:24:32Z,964.1,pressure,environment,oxocard01
,,3,2026-09-20T10:03:29.614547797Z,2026-09-20T10:33:29.614547797Z,2026-09-20T10:24:37Z,964.2,pressure,environment,oxocard01
,,3,2026-09-20T10:03:29.614547797Z,2026-09-20T10:33:29.614547797Z,2026-09-20T10:24:42Z,964,pressure,environment,oxocard01
,,3,2026-09-20T10:03:29.614547797Z,2026-09-20T10:33:29.614547797Z,2026-09-20T10:24:47Z,964.1,pressure,environment,oxocard01
,,3,2026-09-20T10:03:29.614547797Z,2026-09-20T10:33:29.614547797Z,2026-09-20T10:24:52Z,964.1,pressure,environment,oxocard01
,,3,2026-09-20T10:03:29.614547797Z,2026-09-20T10:33:29.614547797Z,2026-09-20T10:24:57Z,964.1,pressure,environment,oxocard01
,,3,2026-09-20T10:03:29.614547797Z,2026-09-20T10:33:29.614547797Z,2026-09-20T10:25:02Z,964,pressure,environment,oxocard01
,,3,2026-09-20T10:03:29.614547797Z,2026-09-20T10:33:29.614547797Z,2026-09-20T10:25:07Z,964.1,pressure,environment,oxocard01
,,3,2026-09-20T10:03:29.614547797Z,2026-09-20T10:33:29.614547797Z,2026-09-20T10:25:13Z,964,pressure,environment,oxocard01
,,3,2026-09-20T10:03:29.614547797Z,2026-09-20T10:33:29.614547797Z,2026-09-20T10:25:17Z,963.9,pressure,environment,oxocard01
,,3,2026-09-20T10:03:29.614547797Z,2026-09-20T10:33:29.614547797Z,2026-09-20T10:25:22Z,964.1,pressure,environment,oxocard01
,,3,2026-09-20T10:03:29.614547797Z,2026-09-20T10:33:29.614547797Z,2026-09-20T10:25:27Z,964,pressure,environment,oxocard01
,,3,2026-09-20T10:03:29.614547797Z,2026-09-20T10:33:29.614547797Z,2026-09-20T10:25:32Z,963.9,pressure,environment,oxocard01
,,3,2026-09-20T10:03:29.614547797Z,2026-09-20T10:33:29.614547797Z,2026-09-20T10:25:37Z,964.1,pressure,environment,oxocard01
,,3,2026-09-20T10:03:29.614547797Z,2026-09-20T10:33:29.614547797Z,2026-09-20T10:25:43Z,964.1,pressure,environment,oxocard01
,,3,2026-09-20T10:03:29.614547797Z,2026-09-20T10:33:29.614547797Z,2026-09-20T10:25:47Z,964,pressure,environment,oxocard01
,,3,2026-09-20T10:03:29.614547797Z,2026-09-20T10:33:29.614547797Z,2026-09-20T10:25:53Z,964,pressure,environment,oxocard01
,,3,2026-09-20T10:03:29.614547797Z,2026-09-20T10:33:29.614547797Z,2026-09-20T10:25:58Z,964,pressure,environment,oxocard01
,,3,2026-09-20T10:03:29.614547797Z,2026-09-20T10:33:29.614547797Z,2026-09-20T10:26:03Z,964,pressure,environment,oxocard01
,,3,2026-09-20T10:03:29.614547797Z,2026-09-20T10:33:29.614547797Z,2026-09-20T10:26:08Z,964.1,pressure,environment,oxocard01
,,3,2026-09-20T10:03:29.614547797Z,2026-09-20T10:33:29.614547797Z,2026-09-20T10:26:13Z,964.1,pressure,environment,oxocard01
,,3,2026-09-20T10:03:29.614547797Z,2026-09-20T10:33:29.614547797Z,2026-09-20T10:26:18Z,964,pressure,environment,oxocard01
,,3,2026-09-20T10:03:29.614547797Z,2026-09-20T10:33:29.614547797Z,2026-09-20T10:26:23Z,964,pressure,environment,oxocard01
,,3,2026-09-20T10:03:29.614547797Z,2026-09-20T10:33:29.614547797Z,2026-09-20T10:26:28Z,964,pressure,environment,oxocard01
,,3,2026-09-20T10:03:29.614547797Z,2026-09-20T10:33:29.614547797Z,2026-09-20T10:26:33Z,964,pressure,environment,oxocard01
,,3,2026-09-20T10:03:29.614547797Z,2026-09-20T10:33:29.614547797Z,2026-09-20T10:26:38Z,964,pressure,environment,oxocard01
,,3,2026-09-20T10:03:29.614547797Z,2026-09-20T10:33:29.614547797Z,2026-09-20T10:26:43Z,964,pressure,environment,oxocard01
,,3,2026-09-20T10:03:29.614547797Z,2026-09-20T10:33:29.614547797Z,2026-09-20T10:26:48Z,964,pressure,environment,oxocard01
,,3,2026-09-20T10:03:29.614547797Z,2026-09-20T10:33:29.614547797Z,2026-09-20T10:26:53Z,964,pressure,environment,oxocard01
,,3,2026-09-20T10:03:29.614547797Z,2026-09-20T10:33:29.614547797Z,2026-09-20T10:26:58Z,964.1,pressure,environment,oxocard01
,,3,2026-09-20T10:03:29.614547797Z,2026-09-20T10:33:29.614547797Z,2026-09-20T10:27:03Z,964,pressure,environment,oxocard01
,,3,2026-09-20T10:03:29.614547797Z,2026-09-20T10:33:29.614547797Z,2026-09-20T10:27:08Z,964,pressure,environment,oxocard01
,,3,2026-09-20T10:03:29.614547797Z,2026-09-20T10:33:29.614547797Z,2026-09-20T10:27:13Z,964.1,pressure,environment,oxocard01
,,3,2026-09-20T10:03:29.614547797Z,2026-09-20T10:33:29.614547797Z,2026-09-20T10:27:18Z,964,pressure,environment,oxocard01
,,3,2026-09-20T10:03:29.614547797Z,2026-09-20T10:33:29.614547797Z,2026-09-20T10:27:23Z,964.1,pressure,environment,oxocard01
,,3,2026-09-20T10:03:29.614547797Z,2026-09-20T10:33:29.614547797Z,2026-09-20T10:27:28Z,964,pressure,environment,oxocard01
,,3,2026-09-20T10:03:29.614547797Z,2026-09-20T10:33:29.614547797Z,2026-09-20T10:27:33Z,964,pressure,environment,oxocard01
,,3,2026-09-20T10:03:29.614547797Z,2026-09-20T10:33:29.614547797Z,2026-09-20T10:27:38Z,964,pressure,environment,oxocard01
,,3,2026-09-20T10:03:29.614547797Z,2026-09-20T10:33:29.614547797Z,2026-09-20T10:27:43Z,964.1,pressure,environment,oxocard01
,,3,2026-09-20T10:03:29.614547797Z,2026-09-20T10:33:29.614547797Z,2026-09-20T10:27:48Z,964,pressure,environment,oxocard01
,,3,2026-09-20T10:03:29.614547797Z,2026-09-20T10:33:29.614547797Z,2026-09-20T10:27:53Z,964,pressure,environment,oxocard01
,,3,2026-09-20T10:03:29.614547797Z,2026-09-20T10:33:29.614547797Z,2026-09-20T10:27:58Z,963.7,pressure,environment,oxocard01
,,3,2026-09-20T10:03:29.614547797Z,2026-09-20T10:33:29.614547797Z,2026-09-20T10:28:03Z,963.9,pressure,environment,oxocard01
,,3,2026-09-20T10:03:29.614547797Z,2026-09-20T10:33:29.614547797Z,2026-09-20T10:28:08Z,963.9,pressure,environment,oxocard01
,,3,2026-09-20T10:03:29.614547797Z,2026-09-20T10:33:29.614547797Z,2026-09-20T10:28:13Z,963.8,pressure,environment,oxocard01
,,3,2026-09-20T10:03:29.614547797Z,2026-09-20T10:33:29.614547797Z,2026-09-20T10:28:18Z,964,pressure,environment,oxocard01
,,3,2026-09-20T10:03:29.614547797Z,2026-09-20T10:33:29.614547797Z,2026-09-20T10:28:23Z,964,pressure,environment,oxocard01
,,3,2026-09-20T10:03:29.614547797Z,2026-09-20T10:33:29.614547797Z,2026-09-20T10:28:28Z,964,pressure,environment,oxocard01
,,3,2026-09-20T10:03:29.614547797Z,2026-09-20T10:33:29.614547797Z,2026-09-20T10:28:33Z,964.1,pressure,environment,oxocard01
,,3,2026-09-20T10:03:29.614547797Z,2026-09-20T10:33:29.614547797Z,2026-09-20T10:28:38Z,964,pressure,environment,oxocard01
,,3,2026-09-20T10:03:29.614547797Z,2026-09-20T10:33:29.614547797Z,2026-09-20T10:28:43Z,963.9,pressure,environment,oxocard01
,,3,2026-09-20T10:03:29.614547797Z,2026-09-20T10:33:29.614547797Z,2026-09-20T10:28:48Z,964,pressure,environment,oxocard01
,,3,2026-09-20T10:03:29.614547797Z,2026-09-20T10:33:29.614547797Z,2026-09-20T10:28:53Z,964,pressure,environment,oxocard01
,,3,2026-09-20T10:03:29.614547797Z,2026-09-20T10:33:29.614547797Z,2026-09-20T10:28:58Z,964,pressure,environment,oxocard01
,,3,2026-09-20T10:03:29.614547797Z,2026-09-20T10:33:29.614547797Z,2026-09-20T10:29:03Z,964,pressure,environment,oxocard01
,,3,2026-09-20T10:03:29.614547797Z,2026-09-20T10:33:29.614547797Z,2026-09-20T10:29:08Z,964,pressure,environment,oxocard01
,,3,2026-09-20T10:03:29.614547797Z,2026-09-20T10:33:29.614547797Z,2026-09-20T10:29:13Z,964,pressure,environment,oxocard01
,,3,2026-09-20T10:03:29.614547797Z,2026-09-20T10:33:29.614547797Z,2026-09-20T10:29:18Z,964,pressure,environment,oxocard01
,,3,2026-09-20T10:03:29.614547797Z,2026-09-20T10:33:29.614547797Z,2026-09-20T10:29:23Z,964,pressure,environment,oxocard01
,,3,2026-09-20T10:03:29.614547797Z,2026-09-20T10:33:29.614547797Z,2026-09-20T10:29:28Z,963.9,pressure,environment,oxocard01
,,3,2026-09-20T10:03:29.614547797Z,2026-09-20T10:33:29.614547797Z,2026-09-20T10:29:33Z,964,pressure,environment,oxocard01
,,3,2026-09-20T10:03:29.614547797Z,2026-09-20T10:33:29.614547797Z,2026-09-20T10:29:38Z,964,pressure,environment,oxocard01
,,3,2026-09-20T10:03:29.614547797Z,2026-09-20T10:33:29.614547797Z,2026-09-20T10:29:43Z,964,pressure,environment,oxocard01
,,3,2026-09-20T10:03:29.614547797Z,2026-09-20T10:33:29.614547797Z,2026-09-20T10:29:48Z,964,pressure,environment,oxocard01
,,3,2026-09-20T10:03:29.614547797Z,2026-09-20T10:33:29.614547797Z,2026-09-20T10:29:54Z,964,pressure,environment,oxocard01
,,3,2026-09-20T10:03:29.614547797Z,2026-09-20T10:33:29.614547797Z,2026-09-20T10:29:58Z,964,pressure,environment,oxocard01
,,3,2026-09-20T10:03:29.614547797Z,2026-09-20T10:33:29.614547797Z,2026-09-20T10:30:03Z,963.9,pressure,environment,oxocard01
,,3,2026-09-20T10:03:29.614547797Z,2026-09-20T10:33:29.614547797Z,2026-09-20T10:30:08Z,964,pressure,environment,oxocard01
,,3,2026-09-20T10:03:29.614547797Z,2026-09-20T10:33:29.614547797Z,2026-09-20T10:30:13Z,964,pressure,environment,oxocard01
,,3,2026-09-20T10:03:29.614547797Z,2026-09-20T10:33:29.614547797Z,2026-09-20T10:30:18Z,963.9,pressure,environment,oxocard01
,,3,2026-09-20T10:03:29.614547797Z,2026-09-20T10:33:29.614547797Z,2026-09-20T10:30:23Z,964,pressure,environment,oxocard01
,,3,2026-09-20T10:03:29.614547797Z,2026-09-20T10:33:29.614547797Z,2026-09-20T10:30:29Z,963.7,pressure,environment,oxocard01
,,3,2026-09-20T10:03:29.614547797Z,2026-09-20T10:33:29.614547797Z,2026-09-20T10:30:34Z,963.9,pressure,environment,oxocard01
,,3,2026-09-20T10:03:29.614547797Z,2026-09-20T10:33:29.614547797Z,2026-09-20T10:30:38Z,963.9,pressure,environment,oxocard01
,,3,2026-09-20T10:03:29.614547797Z,2026-09-20T10:33:29.614547797Z,2026-09-20T10:30:44Z,963.8,pressure,environment,oxocard01
,,3,2026-09-20T10:03:29.614547797Z,2026-09-20T10:33:29.614547797Z,2026-09-20T10:30:49Z,963.8,pressure,environment,oxocard01
,,3,2026-09-20T10:03:29.614547797Z,2026-09-20T10:33:29.614547797Z,2026-09-20T10:30:54Z,964,pressure,environment,oxocard01
,,3,2026-09-20T10:03:29.614547797Z,2026-09-20T10:33:29.614547797Z,2026-09-20T10:30:59Z,963.9,pressure,environment,oxocard01
,,3,2026-09-20T10:03:29.614547797Z,2026-09-20T10:33:29.614547797Z,2026-09-20T10:31:04Z,963.9,pressure,environment,oxocard01
,,3,2026-09-20T10:03:29.614547797Z,2026-09-20T10:33:29.614547797Z,2026-09-20T10:31:09Z,963.9,pressure,environment,oxocard01
,,3,2026-09-20T10:03:29.614547797Z,2026-09-20T10:33:29.614547797Z,2026-09-20T10:31:14Z,964,pressure,environment,oxocard01
,,3,2026-09-20T10:03:29.614547797Z,2026-09-20T10:33:29.614547797Z,2026-09-20T10:31:19Z,964,pressure,environment,oxocard01
,,3,2026-09-20T10:03:29.614547797Z,2026-09-20T10:33:29.614547797Z,2026-09-20T10:31:24Z,963.9,pressure,environment,oxocard01
,,3,2026-09-20T10:03:29.614547797Z,2026-09-20T10:33:29.614547797Z,2026-09-20T10:31:29Z,963.9,pressure,environment,oxocard01
,,3,2026-09-20T10:03:29.614547797Z,2026-09-20T10:33:29.614547797Z,2026-09-20T10:31:34Z,964,pressure,environment,oxocard01
,,3,2026-09-20T10:03:29.614547797Z,2026-09-20T10:33:29.614547797Z,2026-09-20T10:31:39Z,964,pressure,environment,oxocard01
,,3,2026-09-20T10:03:29.614547797Z,2026-09-20T10:33:29.614547797Z,2026-09-20T10:31:44Z,963.9,pressure,environment,oxocard01
,,3,2026-09-20T10:03:29.614547797Z,2026-09-20T10:33:29.614547797Z,2026-09-20T10:31:49Z,963.9,pressure,environment,oxocard01
,,3,2026-09-20T10:03:29.614547797Z,2026-09-20T10:33:29.614547797Z,2026-09-20T10:31:54Z,964,pressure,environment,oxocard01
,,3,2026-09-20T10:03:29.614547797Z,2026-09-20T10:33:29.614547797Z,2026-09-20T10:31:59Z,964,pressure,environment,oxocard01
,,3,2026-09-20T10:03:29.614547797Z,2026-09-20T10:33:29.614547797Z,2026-09-20T10:32:04Z,963.9,pressure,environment,oxocard01
,,3,2026-09-20T10:03:29.614547797Z,2026-09-20T10:33:29.614547797Z,2026-09-20T10:32:09Z,963.9,pressure,environment,oxocard01
,,3,2026-09-20T10:03:29.614547797Z,2026-09-20T10:33:29.614547797Z,2026-09-20T10:32:14Z,963.9,pressure,environment,oxocard01
,,3,2026-09-20T10:03:29.614547797Z,2026-09-20T10:33:29.614547797Z,2026-09-20T10:32:19Z,963.9,pressure,environment,oxocard01
,,3,2026-09-20T10:03:29.614547797Z,2026-09-20T10:33:29.614547797Z,2026-09-20T10:32:24Z,963.9,pressure,environment,oxocard01
,,3,2026-09-20T10:03:29.614547797Z,2026-09-20T10:33:29.614547797Z,2026-09-20T10:32:29Z,963.9,pressure,environment,oxocard01
,,3,2026-09-20T10:03:29.614547797Z,2026-09-20T10:33:29.614547797Z,2026-09-20T10:32:34Z,964,pressure,environment,oxocard01
,,3,2026-09-20T10:03:29.614547797Z,2026-09-20T10:33:29.614547797Z,2026-09-20T10:32:39Z,963.9,pressure,environment,oxocard01
,,3,2026-09-20T10:03:29.614547797Z,2026-09-20T10:33:29.614547797Z,2026-09-20T10:32:44Z,963.8,pressure,environment,oxocard01
,,3,2026-09-20T10:03:29.614547797Z,2026-09-20T10:33:29.614547797Z,2026-09-20T10:32:49Z,964,pressure,environment,oxocard01
,,3,2026-09-20T10:03:29.614547797Z,2026-09-20T10:33:29.614547797Z,2026-09-20T10:32:54Z,963.8,pressure,environment,oxocard01
,,3,2026-09-20T10:03:29.614547797Z,2026-09-20T10:33:29.614547797Z,2026-09-20T10:32:59Z,963.9,pressure,environment,oxocard01
,,3,2026-09-20T10:03:29.614547797Z,2026-09-20T10:33:29.614547797Z,2026-09-20T10:33:04Z,963.6,pressure,environment,oxocard01
,,3,2026-09-20T10:03:29.614547797Z,2026-09-20T10:33:29.614547797Z,2026-09-20T10:33:09Z,963.8,pressure,environment,oxocard01
,,3,2026-09-20T10:03:29.614547797Z,2026-09-20T10:33:29.614547797Z,2026-09-20T10:33:14Z,963.9,pressure,environment,oxocard01
,,3,2026-09-20T10:03:29.614547797Z,2026-09-20T10:33:29.614547797Z,2026-09-20T10:33:19Z,964.1,pressure,environment,oxocard01
,,3,2026-09-20T10:03:29.614547797Z,2026-09-20T10:33:29.614547797Z,2026-09-20T10:33:24Z,964,pressure,environment,oxocard01
,,3,2026-09-20T10:03:29.614547797Z,2026-09-20T10:33:29.614547797Z,2026-09-20T10:33:29Z,963.9,pressure,environment,oxocard01
,,4,2026-09-20T10:03:29.614547797Z,2026-09-20T10:33:29.614547797Z,2026-09-20T10:03:31Z,28.7,temperature,environment,oxocard01
,,4,2026-09-20T10:03:29.614547797Z,2026-09-20T10:33:29.614547797Z,2026-09-20T10:03:36Z,28.8,temperature,environment,oxocard01
,,4,2026-09-20T10:03:29.614547797Z,2026-09-20T10:33:29.614547797Z,2026-09-20T10:03:41Z,28.9,temperature,environment,oxocard01
,,4,2026-09-20T10:03:29.614547797Z,2026-09-20T10:33:29.614547797Z,2026-09-20T10:03:46Z,28.8,temperature,environment,oxocard01
,,4,2026-09-20T10:03:29.614547797Z,2026-09-20T10:33:29.614547797Z,2026-09-20T10:03:51Z,28.7,temperature,environment,oxocard01
,,4,2026-09-20T10:03:29.614547797Z,2026-09-20T10:33:29.614547797Z,2026-09-20T10:03:56Z,28.6,temperature,environment,oxocard01
,,4,2026-09-20T10:03:29.614547797Z,2026-09-20T10:33:29.614547797Z,2026-09-20T10:04:01Z,28.6,temperature,environment,oxocard01
,,4,2026-09-20T10:03:29.614547797Z,2026-09-20T10:33:29.614547797Z,2026-09-20T10:04:06Z,28.6,temperature,environment,oxocard01
,,4,2026-09-20T10:03:29.614547797Z,2026-09-20T10:33:29.614547797Z,2026-09-20T10:04:11Z,28.7,temperature,environment,oxocard01
,,4,2026-09-20T10:03:29.614547797Z,2026-09-20T10:33:29.614547797Z,2026-09-20T10:04:16Z,28.7,temperature,environment,oxocard01
,,4,2026-09-20T10:03:29.614547797Z,2026-09-20T10:33:29.614547797Z,2026-09-20T10:04:21Z,28.7,temperature,environment,oxocard01
,,4,2026-09-20T10:03:29.614547797Z,2026-09-20T10:33:29.614547797Z,2026-09-20T10:04:26Z,28.7,temperature,environment,oxocard01
,,4,2026-09-20T10:03:29.614547797Z,2026-09-20T10:33:29.614547797Z,2026-09-20T10:04:31Z,28.7,temperature,environment,oxocard01
,,4,2026-09-20T10:03:29.614547797Z,2026-09-20T10:33:29.614547797Z,2026-09-20T10:04:36Z,28.6,temperature,environment,oxocard01
,,4,2026-09-20T10:03:29.614547797Z,2026-09-20T10:33:29.614547797Z,2026-09-20T10:04:41Z,28.6,temperature,environment,oxocard01
,,4,2026-09-20T10:03:29.614547797Z,2026-09-20T10:33:29.614547797Z,2026-09-20T10:04:46Z,28.6,temperature,environment,oxocard01
,,4,2026-09-20T10:03:29.614547797Z,2026-09-20T10:33:29.614547797Z,2026-09-20T10:04:51Z,28.6,temperature,environment,oxocard01
,,4,2026-09-20T10:03:29.614547797Z,2026-09-20T10:33:29.614547797Z,2026-09-20T10:04:56Z,28.6,temperature,environment,oxocard01
,,4,2026-09-20T10:03:29.614547797Z,2026-09-20T10:33:29.614547797Z,2026-09-20T10:05:01Z,28.6,temperature,environment,oxocard01
,,4,2026-09-20T10:03:29.614547797Z,2026-09-20T10:33:29.614547797Z,2026-09-20T10:05:06Z,28.6,temperature,environment,oxocard01
,,4,2026-09-20T10:03:29.614547797Z,2026-09-20T10:33:29.614547797Z,2026-09-20T10:05:11Z,28.6,temperature,environment,oxocard01
,,4,2026-09-20T10:03:29.614547797Z,2026-09-20T10:33:29.614547797Z,2026-09-20T10:05:16Z,28.7,temperature,environment,oxocard01
,,4,2026-09-20T10:03:29.614547797Z,2026-09-20T10:33:29.614547797Z,2026-09-20T10:05:21Z,28.7,temperature,environment,oxocard01
,,4,2026-09-20T10:03:29.614547797Z,2026-09-20T10:33:29.614547797Z,2026-09-20T10:05:26Z,28.7,temperature,environment,oxocard01
,,4,2026-09-20T10:03:29.614547797Z,2026-09-20T10:33:29.614547797Z,2026-09-20T10:05:31Z,28.7,temperature,environment,oxocard01
,,4,2026-09-20T10:03:29.614547797Z,2026-09-20T10:33:29.614547797Z,2026-09-20T10:05:36Z,28.7,temperature,environment,oxocard01
,,4,2026-09-20T10:03:29.614547797Z,2026-09-20T10:33:29.614547797Z,2026-09-20T10:05:41Z,28.7,temperature,environment,oxocard01
,,4,2026-09-20T10:03:29.614547797Z,2026-09-20T10:33:29.614547797Z,2026-09-20T10:05:46Z,28.8,temperature,environment,oxocard01
,,4,2026-09-20T10:03:29.614547797Z,2026-09-20T10:33:29.614547797Z,2026-09-20T10:05:51Z,28.7,temperature,environment,oxocard01
,,4,2026-09-20T10:03:29.614547797Z,2026-09-20T10:33:29.614547797Z,2026-09-20T10:05:56Z,28.8,temperature,environment,oxocard01
,,4,2026-09-20T10:03:29.614547797Z,2026-09-20T10:33:29.614547797Z,2026-09-20T10:06:01Z,28.8,temperature,environment,oxocard01
,,4,2026-09-20T10:03:29.614547797Z,2026-09-20T10:33:29.614547797Z,2026-09-20T10:06:06Z,29,temperature,environment,oxocard01
,,4,2026-09-20T10:03:29.614547797Z,2026-09-20T10:33:29.614547797Z,2026-09-20T10:06:11Z,29,temperature,environment,oxocard01
,,4,2026-09-20T10:03:29.614547797Z,2026-09-20T10:33:29.614547797Z,2026-09-20T10:06:16Z,29,temperature,environment,oxocard01
,,4,2026-09-20T10:03:29.614547797Z,2026-09-20T10:33:29.614547797Z,2026-09-20T10:06:21Z,29,temperature,environment,oxocard01
,,4,2026-09-20T10:03:29.614547797Z,2026-09-20T10:33:29.614547797Z,2026-09-20T10:06:26Z,28.9,temperature,environment,oxocard01
,,4,2026-09-20T10:03:29.614547797Z,2026-09-20T10:33:29.614547797Z,2026-09-20T10:06:31Z,28.9,temperature,environment,oxocard01
,,4,2026-09-20T10:03:29.614547797Z,2026-09-20T10:33:29.614547797Z,2026-09-20T10:06:36Z,28.8,temperature,environment,oxocard01
,,4,2026-09-20T10:03:29.614547797Z,2026-09-20T10:33:29.614547797Z,2026-09-20T10:06:41Z,28.8,temperature,environment,oxocard01
,,4,2026-09-20T10:03:29.614547797Z,2026-09-20T10:33:29.614547797Z,2026-09-20T10:06:47Z,28.9,temperature,environment,oxocard01
,,4,2026-09-20T10:03:29.614547797Z,2026-09-20T10:33:29.614547797Z,2026-09-20T10:06:51Z,28.9,temperature,environment,oxocard01
,,4,2026-09-20T10:03:29.614547797Z,2026-09-20T10:33:29.614547797Z,2026-09-20T10:06:56Z,28.8,temperature,environment,oxocard01
,,4,2026-09-20T10:03:29.614547797Z,2026-09-20T10:33:29.614547797Z,2026-09-20T10:07:01Z,29,temperature,environment,oxocard01
,,4,2026-09-20T10:03:29.614547797Z,2026-09-20T10:33:29.614547797Z,2026-09-20T10:07:06Z,29.1,temperature,environment,oxocard01
,,4,2026-09-20T10:03:29.614547797Z,2026-09-20T10:33:29.614547797Z,2026-09-20T10:07:11Z,29.1,temperature,environment,oxocard01
,,4,2026-09-20T10:03:29.614547797Z,2026-09-20T10:33:29.614547797Z,2026-09-20T10:07:16Z,28.9,temperature,environment,oxocard01
,,4,2026-09-20T10:03:29.614547797Z,2026-09-20T10:33:29.614547797Z,2026-09-20T10:07:21Z,28.9,temperature,environment,oxocard01
,,4,2026-09-20T10:03:29.614547797Z,2026-09-20T10:33:29.614547797Z,2026-09-20T10:07:26Z,28.9,temperature,environment,oxocard01
,,4,2026-09-20T10:03:29.614547797Z,2026-09-20T10:33:29.614547797Z,2026-09-20T10:07:32Z,28.7,temperature,environment,oxocard01
,,4,2026-09-20T10:03:29.614547797Z,2026-09-20T10:33:29.614547797Z,2026-09-20T10:07:37Z,28.7,temperature,environment,oxocard01
,,4,2026-09-20T10:03:29.614547797Z,2026-09-20T10:33:29.614547797Z,2026-09-20T10:07:42Z,28.8,temperature,environment,oxocard01
,,4,2026-09-20T10:03:29.614547797Z,2026-09-20T10:33:29.614547797Z,2026-09-20T10:07:47Z,28.6,temperature,environment,oxocard01
,,4,2026-09-20T10:03:29.614547797Z,2026-09-20T10:33:29.614547797Z,2026-09-20T10:07:52Z,28.5,temperature,environment,oxocard01
,,4,2026-09-20T10:03:29.614547797Z,2026-09-20T10:33:29.614547797Z,2026-09-20T10:07:57Z,28.6,temperature,environment,oxocard01
,,4,2026-09-20T10:03:29.614547797Z,2026-09-20T10:33:29.614547797Z,2026-09-20T10:08:02Z,28.5,temperature,environment,oxocard01
,,4,2026-09-20T10:03:29.614547797Z,2026-09-20T10:33:29.614547797Z,2026-09-20T10:08:07Z,28.5,temperature,environment,oxocard01
,,4,2026-09-20T10:03:29.614547797Z,2026-09-20T10:33:29.614547797Z,2026-09-20T10:08:12Z,28.4,temperature,environment,oxocard01
,,4,2026-09-20T10:03:29.614547797Z,2026-09-20T10:33:29.614547797Z,2026-09-20T10:08:17Z,28.4,temperature,environment,oxocard01
,,4,2026-09-20T10:03:29.614547797Z,2026-09-20T10:33:29.614547797Z,2026-09-20T10:08:22Z,28.3,temperature,environment,oxocard01
,,4,2026-09-20T10:03:29.614547797Z,2026-09-20T10:33:29.614547797Z,2026-09-20T10:08:27Z,28.2,temperature,environment,oxocard01
,,4,2026-09-20T10:03:29.614547797Z,2026-09-20T10:33:29.614547797Z,2026-09-20T10:08:32Z,28.2,temperature,environment,oxocard01
,,4,2026-09-20T10:03:29.614547797Z,2026-09-20T10:33:29.614547797Z,2026-09-20T10:08:37Z,28.2,temperature,environment,oxocard01
,,4,2026-09-20T10:03:29.614547797Z,2026-09-20T10:33:29.614547797Z,2026-09-20T10:08:42Z,28.1,temperature,environment,oxocard01
,,4,2026-09-20T10:03:29.614547797Z,2026-09-20T10:33:29.614547797Z,2026-09-20T10:08:47Z,28.1,temperature,environment,oxocard01
,,4,2026-09-20T10:03:29.614547797Z,2026-09-20T10:33:29.614547797Z,2026-09-20T10:08:52Z,28.1,temperature,environment,oxocard01
,,4,2026-09-20T10:03:29.614547797Z,2026-09-20T10:33:29.614547797Z,2026-09-20T10:08:57Z,28,temperature,environment,oxocard01
,,4,2026-09-20T10:03:29.614547797Z,2026-09-20T10:33:29.614547797Z,2026-09-20T10:09:02Z,27.9,temperature,environment,oxocard01
,,4,2026-09-20T10:03:29.614547797Z,2026-09-20T10:33:29.614547797Z,2026-09-20T10:09:07Z,27.9,temperature,environment,oxocard01
,,4,2026-09-20T10:03:29.614547797Z,2026-09-20T10:33:29.614547797Z,2026-09-20T10:09:12Z,27.9,temperature,environment,oxocard01
,,4,2026-09-20T10:03:29.614547797Z,2026-09-20T10:33:29.614547797Z,2026-09-20T10:09:17Z,27.8,temperature,environment,oxocard01
,,4,2026-09-20T10:03:29.614547797Z,2026-09-20T10:33:29.614547797Z,2026-09-20T10:09:22Z,27.9,temperature,environment,oxocard01
,,4,2026-09-20T10:03:29.614547797Z,2026-09-20T10:33:29.614547797Z,2026-09-20T10:09:27Z,27.9,temperature,environment,oxocard01
,,4,2026-09-20T10:03:29.614547797Z,2026-09-20T10:33:29.614547797Z,2026-09-20T10:09:32Z,27.9,temperature,environment,oxocard01
,,4,2026-09-20T10:03:29.614547797Z,2026-09-20T10:33:29.614547797Z,2026-09-20T10:09:37Z,28,temperature,environment,oxocard01
,,4,2026-09-20T10:03:29.614547797Z,2026-09-20T10:33:29.614547797Z,2026-09-20T10:09:42Z,28,temperature,environment,oxocard01
,,4,2026-09-20T10:03:29.614547797Z,2026-09-20T10:33:29.614547797Z,2026-09-20T10:09:47Z,28,temperature,environment,oxocard01
,,4,2026-09-20T10:03:29.614547797Z,2026-09-20T10:33:29.614547797Z,2026-09-20T10:09:52Z,28.1,temperature,environment,oxocard01
,,4,2026-09-20T10:03:29.614547797Z,2026-09-20T10:33:29.614547797Z,2026-09-20T10:09:57Z,28,temperature,environment,oxocard01
,,4,2026-09-20T10:03:29.614547797Z,2026-09-20T10:33:29.614547797Z,2026-09-20T10:10:02Z,28,temperature,environment,oxocard01
,,4,2026-09-20T10:03:29.614547797Z,2026-09-20T10:33:29.614547797Z,2026-09-20T10:10:07Z,28,temperature,environment,oxocard01
,,4,2026-09-20T10:03:29.614547797Z,2026-09-20T10:33:29.614547797Z,2026-09-20T10:10:12Z,27.9,temperature,environment,oxocard01
,,4,2026-09-20T10:03:29.614547797Z,2026-09-20T10:33:29.614547797Z,2026-09-20T10:10:17Z,27.9,temperature,environment,oxocard01
,,4,2026-09-20T10:03:29.614547797Z,2026-09-20T10:33:29.614547797Z,2026-09-20T10:10:22Z,28,temperature,environment,oxocard01
,,4,2026-09-20T10:03:29.614547797Z,2026-09-20T10:33:29.614547797Z,2026-09-20T10:10:27Z,28,temperature,environment,oxocard01
,,4,2026-09-20T10:03:29.614547797Z,2026-09-20T10:33:29.614547797Z,2026-09-20T10:10:32Z,27.9,temperature,environment,oxocard01
,,4,2026-09-20T10:03:29.614547797Z,2026-09-20T10:33:29.614547797Z,2026-09-20T10:10:37Z,27.9,temperature,environment,oxocard01
,,4,2026-09-20T10:03:29.614547797Z,2026-09-20T10:33:29.614547797Z,2026-09-20T10:10:42Z,28,temperature,environment,oxocard01
,,4,2026-09-20T10:03:29.614547797Z,2026-09-20T10:33:29.614547797Z,2026-09-20T10:10:47Z,28,temperature,environment,oxocard01
,,4,2026-09-20T10:03:29.614547797Z,2026-09-20T10:33:29.614547797Z,2026-09-20T10:10:52Z,28,temperature,environment,oxocard01
,,4,2026-09-20T10:03:29.614547797Z,2026-09-20T10:33:29.614547797Z,2026-09-20T10:10:58Z,28,temperature,environment,oxocard01
,,4,2026-09-20T10:03:29.614547797Z,2026-09-20T10:33:29.614547797Z,2026-09-20T10:11:02Z,28,temperature,environment,oxocard01
,,4,2026-09-20T10:03:29.614547797Z,2026-09-20T10:33:29.614547797Z,2026-09-20T10:11:07Z,28.1,temperature,environment,oxocard01
,,4,2026-09-20T10:03:29.614547797Z,2026-09-20T10:33:29.614547797Z,2026-09-20T10:11:12Z,28,temperature,environment,oxocard01
,,4,2026-09-20T10:03:29.614547797Z,2026-09-20T10:33:29.614547797Z,2026-09-20T10:11:17Z,28,temperature,environment,oxocard01
,,4,2026-09-20T10:03:29.614547797Z,2026-09-20T10:33:29.614547797Z,2026-09-20T10:11:22Z,28,temperature,environment,oxocard01
,,4,2026-09-20T10:03:29.614547797Z,2026-09-20T10:33:29.614547797Z,2026-09-20T10:11:27Z,27.9,temperature,environment,oxocard01
,,4,2026-09-20T10:03:29.614547797Z,2026-09-20T10:33:29.614547797Z,2026-09-20T10:11:32Z,27.9,temperature,environment,oxocard01
,,4,2026-09-20T10:03:29.614547797Z,2026-09-20T10:33:29.614547797Z,2026-09-20T10:11:37Z,28,temperature,environment,oxocard01
,,4,2026-09-20T10:03:29.614547797Z,2026-09-20T10:33:29.614547797Z,2026-09-20T10:11:42Z,27.9,temperature,environment,oxocard01
,,4,2026-09-20T10:03:29.614547797Z,2026-09-20T10:33:29.614547797Z,2026-09-20T10:11:48Z,27.9,temperature,environment,oxocard01
,,4,2026-09-20T10:03:29.614547797Z,2026-09-20T10:33:29.614547797Z,2026-09-20T10:11:53Z,27.9,temperature,environment,oxocard01
,,4,2026-09-20T10:03:29.614547797Z,2026-09-20T10:33:29.614547797Z,2026-09-20T10:11:58Z,27.9,temperature,environment,oxocard01
,,4,2026-09-20T10:03:29.614547797Z,2026-09-20T10:33:29.614547797Z,2026-09-20T10:12:03Z,27.9,temperature,environment,oxocard01
,,4,2026-09-20T10:03:29.614547797Z,2026-09-20T10:33:29.614547797Z,2026-09-20T10:12:08Z,27.9,temperature,environment,oxocard01
,,4,2026-09-20T10:03:29.614547797Z,2026-09-20T10:33:29.614547797Z,2026-09-20T10:12:13Z,27.9,temperature,environment,oxocard01
,,4,2026-09-20T10:03:29.614547797Z,2026-09-20T10:33:29.614547797Z,2026-09-20T10:12:18Z,28,temperature,environment,oxocard01
,,4,2026-09-20T10:03:29.614547797Z,2026-09-20T10:33:29.614547797Z,2026-09-20T10:12:23Z,28,temperature,environment,oxocard01
,,4,2026-09-20T10:03:29.614547797Z,2026-09-20T10:33:29.614547797Z,2026-09-20T10:12:28Z,28,temperature,environment,oxocard01
,,4,2026-09-20T10:03:29.614547797Z,2026-09-20T10:33:29.614547797Z,2026-09-20T10:12:33Z,28,temperature,environment,oxocard01
,,4,2026-09-20T10:03:29.614547797Z,2026-09-20T10:33:29.614547797Z,2026-09-20T10:12:38Z,28,temperature,environment,oxocard01
,,4,2026-09-20T10:03:29.614547797Z,2026-09-20T10:33:29.614547797Z,2026-09-20T10:12:43Z,27.9,temperature,environment,oxocard01
,,4,2026-09-20T10:03:29.614547797Z,2026-09-20T10:33:29.614547797Z,2026-09-20T10:12:48Z,27.9,temperature,environment,oxocard01
,,4,2026-09-20T10:03:29.614547797Z,2026-09-20T10:33:29.614547797Z,2026-09-20T10:12:53Z,27.9,temperature,environment,oxocard01
,,4,2026-09-20T10:03:29.614547797Z,2026-09-20T10:33:29.614547797Z,2026-09-20T10:12:58Z,27.9,temperature,environment,oxocard01
,,4,2026-09-20T10:03:29.614547797Z,2026-09-20T10:33:29.614547797Z,2026-09-20T10:13:03Z,28,temperature,environment,oxocard01
,,4,2026-09-20T10:03:29.614547797Z,2026-09-20T10:33:29.614547797Z,2026-09-20T10:13:08Z,28,temperature,environment,oxocard01
,,4,2026-09-20T10:03:29.614547797Z,2026-09-20T10:33:29.614547797Z,2026-09-20T10:13:13Z,28,temperature,environment,oxocard01
,,4,2026-09-20T10:03:29.614547797Z,2026-09-20T10:33:29.614547797Z,2026-09-20T10:13:18Z,28,temperature,environment,oxocard01
,,4,2026-09-20T10:03:29.614547797Z,2026-09-20T10:33:29.614547797Z,2026-09-20T10:13:23Z,28,temperature,environment,oxocard01
,,4,2026-09-20T10:03:29.614547797Z,2026-09-20T10:33:29.614547797Z,2026-09-20T10:13:28Z,28,temperature,environment,oxocard01
,,4,2026-09-20T10:03:29.614547797Z,2026-09-20T10:33:29.614547797Z,2026-09-20T10:13:33Z,28,temperature,environment,oxocard01
,,4,2026-09-20T10:03:29.614547797Z,2026-09-20T10:33:29.614547797Z,2026-09-20T10:13:38Z,28,temperature,environment,oxocard01
,,4,2026-09-20T10:03:29.614547797Z,2026-09-20T10:33:29.614547797Z,2026-09-20T10:13:43Z,28,temperature,environment,oxocard01
,,4,2026-09-20T10:03:29.614547797Z,2026-09-20T10:33:29.614547797Z,2026-09-20T10:13:48Z,28,temperature,environment,oxocard01
,,4,2026-09-20T10:03:29.614547797Z,2026-09-20T10:33:29.614547797Z,2026-09-20T10:13:53Z,28.1,temperature,environment,oxocard01
,,4,2026-09-20T10:03:29.614547797Z,2026-09-20T10:33:29.614547797Z,2026-09-20T10:13:58Z,28,temperature,environment,oxocard01
,,4,2026-09-20T10:03:29.614547797Z,2026-09-20T10:33:29.614547797Z,2026-09-20T10:14:03Z,28,temperature,environment,oxocard01
,,4,2026-09-20T10:03:29.614547797Z,2026-09-20T10:33:29.614547797Z,2026-09-20T10:14:08Z,28,temperature,environment,oxocard01
,,4,2026-09-20T10:03:29.614547797Z,2026-09-20T10:33:29.614547797Z,2026-09-20T10:14:13Z,28.1,temperature,environment,oxocard01
,,4,2026-09-20T10:03:29.614547797Z,2026-09-20T10:33:29.614547797Z,2026-09-20T10:14:18Z,28.1,temperature,environment,oxocard01
,,4,2026-09-20T10:03:29.614547797Z,2026-09-20T10:33:29.614547797Z,2026-09-20T10:14:23Z,28.1,temperature,environment,oxocard01
,,4,2026-09-20T10:03:29.614547797Z,2026-09-20T10:33:29.614547797Z,2026-09-20T10:14:28Z,28.1,temperature,environment,oxocard01
,,4,2026-09-20T10:03:29.614547797Z,2026-09-20T10:33:29.614547797Z,2026-09-20T10:14:33Z,28.2,temperature,environment,oxocard01
,,4,2026-09-20T10:03:29.614547797Z,2026-09-20T10:33:29.614547797Z,2026-09-20T10:14:38Z,28.2,temperature,environment,oxocard01
,,4,2026-09-20T10:03:29.614547797Z,2026-09-20T10:33:29.614547797Z,2026-09-20T10:14:43Z,28.1,temperature,environment,oxocard01
,,4,2026-09-20T10:03:29.614547797Z,2026-09-20T10:33:29.614547797Z,2026-09-20T10:14:48Z,28.2,temperature,environment,oxocard01
,,4,2026-09-20T10:03:29.614547797Z,2026-09-20T10:33:29.614547797Z,2026-09-20T10:14:53Z,28.2,temperature,environment,oxocard01
,,4,2026-09-20T10:03:29.614547797Z,2026-09-20T10:33:29.614547797Z,2026-09-20T10:14:58Z,28.2,temperature,environment,oxocard01
,,4,2026-09-20T10:03:29.614547797Z,2026-09-20T10:33:29.614547797Z,2026-09-20T10:15:03Z,28.2,temperature,environment,oxocard01
,,4,2026-09-20T10:03:29.614547797Z,2026-09-20T10:33:29.614547797Z,2026-09-20T10:15:08Z,28.2,temperature,environment,oxocard01
,,4,2026-09-20T10:03:29.614547797Z,2026-09-20T10:33:29.614547797Z,2026-09-20T10:15:13Z,28.1,temperature,environment,oxocard01
,,4,2026-09-20T10:03:29.614547797Z,2026-09-20T10:33:29.614547797Z,2026-09-20T10:15:18Z,28.1,temperature,environment,oxocard01
,,4,2026-09-20T10:03:29.614547797Z,2026-09-20T10:33:29.614547797Z,2026-09-20T10:15:23Z,28.1,temperature,environment,oxocard01
,,4,2026-09-20T10:03:29.614547797Z,2026-09-20T10:33:29.614547797Z,2026-09-20T10:15:28Z,28.1,temperature,environment,oxocard01
,,4,2026-09-20T10:03:29.614547797Z,2026-09-20T10:33:29.614547797Z,2026-09-20T10:15:33Z,28.1,temperature,environment,oxocard01
,,4,2026-09-20T10:03:29.614547797Z,2026-09-20T10:33:29.614547797Z,2026-09-20T10:15:39Z,28.1,temperature,environment,oxocard01
,,4,2026-09-20T10:03:29.614547797Z,2026-09-20T10:33:29.614547797Z,2026-09-20T10:15:43Z,28.2,temperature,environment,oxocard01
,,4,2026-09-20T10:03:29.614547797Z,2026-09-20T10:33:29.614547797Z,2026-09-20T10:15:48Z,28.2,temperature,environment,oxocard01
,,4,2026-09-20T10:03:29.614547797Z,2026-09-20T10:33:29.614547797Z,2026-09-20T10:15:53Z,28.1,temperature,environment,oxocard01
,,4,2026-09-20T10:03:29.614547797Z,2026-09-20T10:33:29.614547797Z,2026-09-20T10:15:58Z,28.2,temperature,environment,oxocard01
,,4,2026-09-20T10:03:29.614547797Z,2026-09-20T10:33:29.614547797Z,2026-09-20T10:16:03Z,28.2,temperature,environment,oxocard01
,,4,2026-09-20T10:03:29.614547797Z,2026-09-20T10:33:29.614547797Z,2026-09-20T10:16:08Z,28.2,temperature,environment,oxocard01
,,4,2026-09-20T10:03:29.614547797Z,2026-09-20T10:33:29.614547797Z,2026-09-20T10:16:13Z,28.2,temperature,environment,oxocard01
,,4,2026-09-20T10:03:29.614547797Z,2026-09-20T10:33:29.614547797Z,2026-09-20T10:16:18Z,28.2,temperature,environment,oxocard01
,,4,2026-09-20T10:03:29.614547797Z,2026-09-20T10:33:29.614547797Z,2026-09-20T10:16:24Z,28.2,temperature,environment,oxocard01
,,4,2026-09-20T10:03:29.614547797Z,2026-09-20T10:33:29.614547797Z,2026-09-20T10:16:29Z,28.2,temperature,environment,oxocard01
,,4,2026-09-20T10:03:29.614547797Z,2026-09-20T10:33:29.614547797Z,2026-09-20T10:16:34Z,28.2,temperature,environment,oxocard01
,,4,2026-09-20T10:03:29.614547797Z,2026-09-20T10:33:29.614547797Z,2026-09-20T10:16:39Z,28.2,temperature,environment,oxocard01
,,4,2026-09-20T10:03:29.614547797Z,2026-09-20T10:33:29.614547797Z,2026-09-20T10:16:44Z,28.2,temperature,environment,oxocard01
,,4,2026-09-20T10:03:29.614547797Z,2026-09-20T10:33:29.614547797Z,2026-09-20T10:16:49Z,28.2,temperature,environment,oxocard01
,,4,2026-09-20T10:03:29.614547797Z,2026-09-20T10:33:29.614547797Z,2026-09-20T10:16:54Z,28.2,temperature,environment,oxocard01
,,4,2026-09-20T10:03:29.614547797Z,2026-09-20T10:33:29.614547797Z,2026-09-20T10:16:59Z,28.2,temperature,environment,oxocard01
,,4,2026-09-20T10:03:29.614547797Z,2026-09-20T10:33:29.614547797Z,2026-09-20T10:17:04Z,28.2,temperature,environment,oxocard01
,,4,2026-09-20T10:03:29.614547797Z,2026-09-20T10:33:29.614547797Z,2026-09-20T10:17:09Z,28.2,temperature,environment,oxocard01
,,4,2026-09-20T10:03:29.614547797Z,2026-09-20T10:33:29.614547797Z,2026-09-20T10:17:14Z,28.2,temperature,environment,oxocard01
,,4,2026-09-20T10:03:29.614547797Z,2026-09-20T10:33:29.614547797Z,2026-09-20T10:17:19Z,28.2,temperature,environment,oxocard01
,,4,2026-09-20T10:03:29.614547797Z,2026-09-20T10:33:29.614547797Z,2026-09-20T10:17:24Z,28.2,temperature,environment,oxocard01
,,4,2026-09-20T10:03:29.614547797Z,2026-09-20T10:33:29.614547797Z,2026-09-20T10:17:29Z,28.2,temperature,environment,oxocard01
,,4,2026-09-20T10:03:29.614547797Z,2026-09-20T10:33:29.614547797Z,2026-09-20T10:17:34Z,28.2,temperature,environment,oxocard01
,,4,2026-09-20T10:03:29.614547797Z,2026-09-20T10:33:29.614547797Z,2026-09-20T10:17:39Z,28.2,temperature,environment,oxocard01
,,4,2026-09-20T10:03:29.614547797Z,2026-09-20T10:33:29.614547797Z,2026-09-20T10:17:44Z,28.1,temperature,environment,oxocard01
,,4,2026-09-20T10:03:29.614547797Z,2026-09-20T10:33:29.614547797Z,2026-09-20T10:17:49Z,28.2,temperature,environment,oxocard01
,,4,2026-09-20T10:03:29.614547797Z,2026-09-20T10:33:29.614547797Z,2026-09-20T10:17:54Z,28.2,temperature,environment,oxocard01
,,4,2026-09-20T10:03:29.614547797Z,2026-09-20T10:33:29.614547797Z,2026-09-20T10:17:59Z,28.2,temperature,environment,oxocard01
,,4,2026-09-20T10:03:29.614547797Z,2026-09-20T10:33:29.614547797Z,2026-09-20T10:18:04Z,28.2,temperature,environment,oxocard01
,,4,2026-09-20T10:03:29.614547797Z,2026-09-20T10:33:29.614547797Z,2026-09-20T10:18:09Z,28.3,temperature,environment,oxocard01
,,4,2026-09-20T10:03:29.614547797Z,2026-09-20T10:33:29.614547797Z,2026-09-20T10:18:14Z,28.3,temperature,environment,oxocard01
,,4,2026-09-20T10:03:29.614547797Z,2026-09-20T10:33:29.614547797Z,2026-09-20T10:18:19Z,28.3,temperature,environment,oxocard01
,,4,2026-09-20T10:03:29.614547797Z,2026-09-20T10:33:29.614547797Z,2026-09-20T10:18:24Z,28.2,temperature,environment,oxocard01
,,4,2026-09-20T10:03:29.614547797Z,2026-09-20T10:33:29.614547797Z,2026-09-20T10:18:29Z,28.2,temperature,environment,oxocard01
,,4,2026-09-20T10:03:29.614547797Z,2026-09-20T10:33:29.614547797Z,2026-09-20T10:18:34Z,28.2,temperature,environment,oxocard01
,,4,2026-09-20T10:03:29.614547797Z,2026-09-20T10:33:29.614547797Z,2026-09-20T10:18:39Z,28.1,temperature,environment,oxocard01
,,4,2026-09-20T10:03:29.614547797Z,2026-09-20T10:33:29.614547797Z,2026-09-20T10:18:44Z,28,temperature,environment,oxocard01
,,4,2026-09-20T10:03:29.614547797Z,2026-09-20T10:33:29.614547797Z,2026-09-20T10:18:49Z,28.1,temperature,environment,oxocard01
,,4,2026-09-20T10:03:29.614547797Z,2026-09-20T10:33:29.614547797Z,2026-09-20T10:18:55Z,28.3,temperature,environment,oxocard01
,,4,2026-09-20T10:03:29.614547797Z,2026-09-20T10:33:29.614547797Z,2026-09-20T10:19:00Z,28.2,temperature,environment,oxocard01
,,4,2026-09-20T10:03:29.614547797Z,2026-09-20T10:33:29.614547797Z,2026-09-20T10:19:05Z,28.2,temperature,environment,oxocard01
,,4,2026-09-20T10:03:29.614547797Z,2026-09-20T10:33:29.614547797Z,2026-09-20T10:19:10Z,28.2,temperature,environment,oxocard01
,,4,2026-09-20T10:03:29.614547797Z,2026-09-20T10:33:29.614547797Z,2026-09-20T10:19:14Z,28.2,temperature,environment,oxocard01
,,4,2026-09-20T10:03:29.614547797Z,2026-09-20T10:33:29.614547797Z,2026-09-20T10:19:19Z,28.2,temperature,environment,oxocard01
,,4,2026-09-20T10:03:29.614547797Z,2026-09-20T10:33:29.614547797Z,2026-09-20T10:19:25Z,28.1,temperature,environment,oxocard01
,,4,2026-09-20T10:03:29.614547797Z,2026-09-20T10:33:29.614547797Z,2026-09-20T10:19:29Z,28.2,temperature,environment,oxocard01
,,4,2026-09-20T10:03:29.614547797Z,2026-09-20T10:33:29.614547797Z,2026-09-20T10:19:34Z,28.2,temperature,environment,oxocard01
,,4,2026-09-20T10:03:29.614547797Z,2026-09-20T10:33:29.614547797Z,2026-09-20T10:19:40Z,28.2,temperature,environment,oxocard01
,,4,2026-09-20T10:03:29.614547797Z,2026-09-20T10:33:29.614547797Z,2026-09-20T10:19:45Z,28.2,temperature,environment,oxocard01
,,4,2026-09-20T10:03:29.614547797Z,2026-09-20T10:33:29.614547797Z,2026-09-20T10:19:50Z,28.2,temperature,environment,oxocard01
,,4,2026-09-20T10:03:29.614547797Z,2026-09-20T10:33:29.614547797Z,2026-09-20T10:19:55Z,28.1,temperature,environment,oxocard01
,,4,2026-09-20T10:03:29.614547797Z,2026-09-20T10:33:29.614547797Z,2026-09-20T10:20:00Z,28.1,temperature,environment,oxocard01
,,4,2026-09-20T10:03:29.614547797Z,2026-09-20T10:33:29.614547797Z,2026-09-20T10:20:05Z,28.1,temperature,environment,oxocard01
,,4,2026-09-20T10:03:29.614547797Z,2026-09-20T10:33:29.614547797Z,2026-09-20T10:20:10Z,28,temperature,environment,oxocard01
,,4,2026-09-20T10:03:29.614547797Z,2026-09-20T10:33:29.614547797Z,2026-09-20T10:20:15Z,28,temperature,environment,oxocard01
,,4,2026-09-20T10:03:29.614547797Z,2026-09-20T10:33:29.614547797Z,2026-09-20T10:20:20Z,28,temperature,environment,oxocard01
,,4,2026-09-20T10:03:29.614547797Z,2026-09-20T10:33:29.614547797Z,2026-09-20T10:20:25Z,27.9,temperature,environment,oxocard01
,,4,2026-09-20T10:03:29.614547797Z,2026-09-20T10:33:29.614547797Z,2026-09-20T10:20:30Z,27.9,temperature,environment,oxocard01
,,4,2026-09-20T10:03:29.614547797Z,2026-09-20T10:33:29.614547797Z,2026-09-20T10:20:35Z,27.9,temperature,environment,oxocard01
,,4,2026-09-20T10:03:29.614547797Z,2026-09-20T10:33:29.614547797Z,2026-09-20T10:20:40Z,28,temperature,environment,oxocard01
,,4,2026-09-20T10:03:29.614547797Z,2026-09-20T10:33:29.614547797Z,2026-09-20T10:20:45Z,28,temperature,environment,oxocard01
,,4,2026-09-20T10:03:29.614547797Z,2026-09-20T10:33:29.614547797Z,2026-09-20T10:20:50Z,28.1,temperature,environment,oxocard01
,,4,2026-09-20T10:03:29.614547797Z,2026-09-20T10:33:29.614547797Z,2026-09-20T10:20:56Z,28.1,temperature,environment,oxocard01
,,4,2026-09-20T10:03:29.614547797Z,2026-09-20T10:33:29.614547797Z,2026-09-20T10:21:00Z,28.1,temperature,environment,oxocard01
,,4,2026-09-20T10:03:29.614547797Z,2026-09-20T10:33:29.614547797Z,2026-09-20T10:21:05Z,28.1,temperature,environment,oxocard01
,,4,2026-09-20T10:03:29.614547797Z,2026-09-20T10:33:29.614547797Z,2026-09-20T10:21:10Z,28.1,temperature,environment,oxocard01
,,4,2026-09-20T10:03:29.614547797Z,2026-09-20T10:33:29.614547797Z,2026-09-20T10:21:15Z,28.1,temperature,environment,oxocard01
,,4,2026-09-20T10:03:29.614547797Z,2026-09-20T10:33:29.614547797Z,2026-09-20T10:21:21Z,27.9,temperature,environment,oxocard01
,,4,2026-09-20T10:03:29.614547797Z,2026-09-20T10:33:29.614547797Z,2026-09-20T10:21:26Z,28.1,temperature,environment,oxocard01
,,4,2026-09-20T10:03:29.614547797Z,2026-09-20T10:33:29.614547797Z,2026-09-20T10:21:31Z,28.1,temperature,environment,oxocard01
,,4,2026-09-20T10:03:29.614547797Z,2026-09-20T10:33:29.614547797Z,2026-09-20T10:21:36Z,28.1,temperature,environment,oxocard01
,,4,2026-09-20T10:03:29.614547797Z,2026-09-20T10:33:29.614547797Z,2026-09-20T10:21:41Z,28,temperature,environment,oxocard01
,,4,2026-09-20T10:03:29.614547797Z,2026-09-20T10:33:29.614547797Z,2026-09-20T10:21:46Z,28.1,temperature,environment,oxocard01
,,4,2026-09-20T10:03:29.614547797Z,2026-09-20T10:33:29.614547797Z,2026-09-20T10:21:51Z,28.1,temperature,environment,oxocard01
,,4,2026-09-20T10:03:29.614547797Z,2026-09-20T10:33:29.614547797Z,2026-09-20T10:21:56Z,28.1,temperature,environment,oxocard01
,,4,2026-09-20T10:03:29.614547797Z,2026-09-20T10:33:29.614547797Z,2026-09-20T10:22:01Z,28.1,temperature,environment,oxocard01
,,4,2026-09-20T10:03:29.614547797Z,2026-09-20T10:33:29.614547797Z,2026-09-20T10:22:06Z,28.1,temperature,environment,oxocard01
,,4,2026-09-20T10:03:29.614547797Z,2026-09-20T10:33:29.614547797Z,2026-09-20T10:22:11Z,28.1,temperature,environment,oxocard01
,,4,2026-09-20T10:03:29.614547797Z,2026-09-20T10:33:29.614547797Z,2026-09-20T10:22:16Z,28.1,temperature,environment,oxocard01
,,4,2026-09-20T10:03:29.614547797Z,2026-09-20T10:33:29.614547797Z,2026-09-20T10:22:21Z,28.1,temperature,environment,oxocard01
,,4,2026-09-20T10:03:29.614547797Z,2026-09-20T10:33:29.614547797Z,2026-09-20T10:22:26Z,28.1,temperature,environment,oxocard01
,,4,2026-09-20T10:03:29.614547797Z,2026-09-20T10:33:29.614547797Z,2026-09-20T10:22:32Z,28.1,temperature,environment,oxocard01
,,4,2026-09-20T10:03:29.614547797Z,2026-09-20T10:33:29.614547797Z,2026-09-20T10:22:36Z,28.1,temperature,environment,oxocard01
,,4,2026-09-20T10:03:29.614547797Z,2026-09-20T10:33:29.614547797Z,2026-09-20T10:22:41Z,28,temperature,environment,oxocard01
,,4,2026-09-20T10:03:29.614547797Z,2026-09-20T10:33:29.614547797Z,2026-09-20T10:22:47Z,28.1,temperature,environment,oxocard01
,,4,2026-09-20T10:03:29.614547797Z,2026-09-20T10:33:29.614547797Z,2026-09-20T10:22:51Z,28.1,temperature,environment,oxocard01
,,4,2026-09-20T10:03:29.614547797Z,2026-09-20T10:33:29.614547797Z,2026-09-20T10:22:56Z,28.2,temperature,environment,oxocard01
,,4,2026-09-20T10:03:29.614547797Z,2026-09-20T10:33:29.614547797Z,2026-09-20T10:23:01Z,28.3,temperature,environment,oxocard01
,,4,2026-09-20T10:03:29.614547797Z,2026-09-20T10:33:29.614547797Z,2026-09-20T10:23:06Z,28.2,temperature,environment,oxocard01
,,4,2026-09-20T10:03:29.614547797Z,2026-09-20T10:33:29.614547797Z,2026-09-20T10:23:11Z,28.1,temperature,environment,oxocard01
,,4,2026-09-20T10:03:29.614547797Z,2026-09-20T10:33:29.614547797Z,2026-09-20T10:23:16Z,28.1,temperature,environment,oxocard01
,,4,2026-09-20T10:03:29.614547797Z,2026-09-20T10:33:29.614547797Z,2026-09-20T10:23:21Z,28,temperature,environment,oxocard01
,,4,2026-09-20T10:03:29.614547797Z,2026-09-20T10:33:29.614547797Z,2026-09-20T10:23:27Z,28.1,temperature,environment,oxocard01
,,4,2026-09-20T10:03:29.614547797Z,2026-09-20T10:33:29.614547797Z,2026-09-20T10:23:32Z,28.1,temperature,environment,oxocard01
,,4,2026-09-20T10:03:29.614547797Z,2026-09-20T10:33:29.614547797Z,2026-09-20T10:23:37Z,28,temperature,environment,oxocard01
,,4,2026-09-20T10:03:29.614547797Z,2026-09-20T10:33:29.614547797Z,2026-09-20T10:23:42Z,28,temperature,environment,oxocard01
,,4,2026-09-20T10:03:29.614547797Z,2026-09-20T10:33:29.614547797Z,2026-09-20T10:23:46Z,28,temperature,environment,oxocard01
,,4,2026-09-20T10:03:29.614547797Z,2026-09-20T10:33:29.614547797Z,2026-09-20T10:23:52Z,28.1,temperature,environment,oxocard01
,,4,2026-09-20T10:03:29.614547797Z,2026-09-20T10:33:29.614547797Z,2026-09-20T10:23:57Z,28.1,temperature,environment,oxocard01
,,4,2026-09-20T10:03:29.614547797Z,2026-09-20T10:33:29.614547797Z,2026-09-20T10:24:02Z,28.1,temperature,environment,oxocard01
,,4,2026-09-20T10:03:29.614547797Z,2026-09-20T10:33:29.614547797Z,2026-09-20T10:24:07Z,28.1,temperature,environment,oxocard01
,,4,2026-09-20T10:03:29.614547797Z,2026-09-20T10:33:29.614547797Z,2026-09-20T10:24:12Z,28,temperature,environment,oxocard01
,,4,2026-09-20T10:03:29.614547797Z,2026-09-20T10:33:29.614547797Z,2026-09-20T10:24:17Z,28.1,temperature,environment,oxocard01
,,4,2026-09-20T10:03:29.614547797Z,2026-09-20T10:33:29.614547797Z,2026-09-20T10:24:22Z,28,temperature,environment,oxocard01
,,4,2026-09-20T10:03:29.614547797Z,2026-09-20T10:33:29.614547797Z,2026-09-20T10:24:27Z,28,temperature,environment,oxocard01
,,4,2026-09-20T10:03:29.614547797Z,2026-09-20T10:33:29.614547797Z,2026-09-20T10:24:32Z,28.1,temperature,environment,oxocard01
,,4,2026-09-20T10:03:29.614547797Z,2026-09-20T10:33:29.614547797Z,2026-09-20T10:24:37Z,28.1,temperature,environment,oxocard01
,,4,2026-09-20T10:03:29.614547797Z,2026-09-20T10:33:29.614547797Z,2026-09-20T10:24:42Z,28.1,temperature,environment,oxocard01
,,4,2026-09-20T10:03:29.614547797Z,2026-09-20T10:33:29.614547797Z,2026-09-20T10:24:47Z,28.3,temperature,environment,oxocard01
,,4,2026-09-20T10:03:29.614547797Z,2026-09-20T10:33:29.614547797Z,2026-09-20T10:24:52Z,28.3,temperature,environment,oxocard01
,,4,2026-09-20T10:03:29.614547797Z,2026-09-20T10:33:29.614547797Z,2026-09-20T10:24:57Z,28.2,temperature,environment,oxocard01
,,4,2026-09-20T10:03:29.614547797Z,2026-09-20T10:33:29.614547797Z,2026-09-20T10:25:02Z,28.2,temperature,environment,oxocard01
,,4,2026-09-20T10:03:29.614547797Z,2026-09-20T10:33:29.614547797Z,2026-09-20T10:25:07Z,28.1,temperature,environment,oxocard01
,,4,2026-09-20T10:03:29.614547797Z,2026-09-20T10:33:29.614547797Z,2026-09-20T10:25:13Z,28.1,temperature,environment,oxocard01
,,4,2026-09-20T10:03:29.614547797Z,2026-09-20T10:33:29.614547797Z,2026-09-20T10:25:17Z,28.1,temperature,environment,oxocard01
,,4,2026-09-20T10:03:29.614547797Z,2026-09-20T10:33:29.614547797Z,2026-09-20T10:25:22Z,28.1,temperature,environment,oxocard01
,,4,2026-09-20T10:03:29.614547797Z,2026-09-20T10:33:29.614547797Z,2026-09-20T10:25:27Z,28.1,temperature,environment,oxocard01
,,4,2026-09-20T10:03:29.614547797Z,2026-09-20T10:33:29.614547797Z,2026-09-20T10:25:32Z,28,temperature,environment,oxocard01
,,4,2026-09-20T10:03:29.614547797Z,2026-09-20T10:33:29.614547797Z,2026-09-20T10:25:37Z,28,temperature,environment,oxocard01
,,4,2026-09-20T10:03:29.614547797Z,2026-09-20T10:33:29.614547797Z,2026-09-20T10:25:43Z,28.1,temperature,environment,oxocard01
,,4,2026-09-20T10:03:29.614547797Z,2026-09-20T10:33:29.614547797Z,2026-09-20T10:25:47Z,28.1,temperature,environment,oxocard01
,,4,2026-09-20T10:03:29.614547797Z,2026-09-20T10:33:29.614547797Z,2026-09-20T10:25:53Z,28,temperature,environment,oxocard01
,,4,2026-09-20T10:03:29.614547797Z,2026-09-20T10:33:29.614547797Z,2026-09-20T10:25:58Z,28,temperature,environment,oxocard01
,,4,2026-09-20T10:03:29.614547797Z,2026-09-20T10:33:29.614547797Z,2026-09-20T10:26:03Z,28,temperature,environment,oxocard01
,,4,2026-09-20T10:03:29.614547797Z,2026-09-20T10:33:29.614547797Z,2026-09-20T10:26:08Z,27.9,temperature,environment,oxocard01
,,4,2026-09-20T10:03:29.614547797Z,2026-09-20T10:33:29.614547797Z,2026-09-20T10:26:13Z,28,temperature,environment,oxocard01
,,4,2026-09-20T10:03:29.614547797Z,2026-09-20T10:33:29.614547797Z,2026-09-20T10:26:18Z,28,temperature,environment,oxocard01
,,4,2026-09-20T10:03:29.614547797Z,2026-09-20T10:33:29.614547797Z,2026-09-20T10:26:23Z,28,temperature,environment,oxocard01
,,4,2026-09-20T10:03:29.614547797Z,2026-09-20T10:33:29.614547797Z,2026-09-20T10:26:28Z,28,temperature,environment,oxocard01
,,4,2026-09-20T10:03:29.614547797Z,2026-09-20T10:33:29.614547797Z,2026-09-20T10:26:33Z,28,temperature,environment,oxocard01
,,4,2026-09-20T10:03:29.614547797Z,2026-09-20T10:33:29.614547797Z,2026-09-20T10:26:38Z,28,temperature,environment,oxocard01
,,4,2026-09-20T10:03:29.614547797Z,2026-09-20T10:33:29.614547797Z,2026-09-20T10:26:43Z,28,temperature,environment,oxocard01
,,4,2026-09-20T10:03:29.614547797Z,2026-09-20T10:33:29.614547797Z,2026-09-20T10:26:48Z,28,temperature,environment,oxocard01
,,4,2026-09-20T10:03:29.614547797Z,2026-09-20T10:33:29.614547797Z,2026-09-20T10:26:53Z,28,temperature,environment,oxocard01
,,4,2026-09-20T10:03:29.614547797Z,2026-09-20T10:33:29.614547797Z,2026-09-20T10:26:58Z,27.9,temperature,environment,oxocard01
,,4,2026-09-20T10:03:29.614547797Z,2026-09-20T10:33:29.614547797Z,2026-09-20T10:27:03Z,27.9,temperature,environment,oxocard01
,,4,2026-09-20T10:03:29.614547797Z,2026-09-20T10:33:29.614547797Z,2026-09-20T10:27:08Z,27.9,temperature,environment,oxocard01
,,4,2026-09-20T10:03:29.614547797Z,2026-09-20T10:33:29.614547797Z,2026-09-20T10:27:13Z,27.9,temperature,environment,oxocard01
,,4,2026-09-20T10:03:29.614547797Z,2026-09-20T10:33:29.614547797Z,2026-09-20T10:27:18Z,27.9,temperature,environment,oxocard01
,,4,2026-09-20T10:03:29.614547797Z,2026-09-20T10:33:29.614547797Z,2026-09-20T10:27:23Z,27.9,temperature,environment,oxocard01
,,4,2026-09-20T10:03:29.614547797Z,2026-09-20T10:33:29.614547797Z,2026-09-20T10:27:28Z,27.9,temperature,environment,oxocard01
,,4,2026-09-20T10:03:29.614547797Z,2026-09-20T10:33:29.614547797Z,2026-09-20T10:27:33Z,27.9,temperature,environment,oxocard01
,,4,2026-09-20T10:03:29.614547797Z,2026-09-20T10:33:29.614547797Z,2026-09-20T10:27:38Z,27.9,temperature,environment,oxocard01
,,4,2026-09-20T10:03:29.614547797Z,2026-09-20T10:33:29.614547797Z,2026-09-20T10:27:43Z,27.9,temperature,environment,oxocard01
,,4,2026-09-20T10:03:29.614547797Z,2026-09-20T10:33:29.614547797Z,2026-09-20T10:27:48Z,27.9,temperature,environment,oxocard01
,,4,2026-09-20T10:03:29.614547797Z,2026-09-20T10:33:29.614547797Z,2026-09-20T10:27:53Z,27.9,temperature,environment,oxocard01
,,4,2026-09-20T10:03:29.614547797Z,2026-09-20T10:33:29.614547797Z,2026-09-20T10:27:58Z,27.9,temperature,environment,oxocard01
,,4,2026-09-20T10:03:29.614547797Z,2026-09-20T10:33:29.614547797Z,2026-09-20T10:28:03Z,27.8,temperature,environment,oxocard01
,,4,2026-09-20T10:03:29.614547797Z,2026-09-20T10:33:29.614547797Z,2026-09-20T10:28:08Z,27.8,temperature,environment,oxocard01
,,4,2026-09-20T10:03:29.614547797Z,2026-09-20T10:33:29.614547797Z,2026-09-20T10:28:13Z,27.8,temperature,environment,oxocard01
,,4,2026-09-20T10:03:29.614547797Z,2026-09-20T10:33:29.614547797Z,2026-09-20T10:28:18Z,27.8,temperature,environment,oxocard01
,,4,2026-09-20T10:03:29.614547797Z,2026-09-20T10:33:29.614547797Z,2026-09-20T10:28:23Z,27.8,temperature,environment,oxocard01
,,4,2026-09-20T10:03:29.614547797Z,2026-09-20T10:33:29.614547797Z,2026-09-20T10:28:28Z,27.8,temperature,environment,oxocard01
,,4,2026-09-20T10:03:29.614547797Z,2026-09-20T10:33:29.614547797Z,2026-09-20T10:28:33Z,27.8,temperature,environment,oxocard01
,,4,2026-09-20T10:03:29.614547797Z,2026-09-20T10:33:29.614547797Z,2026-09-20T10:28:38Z,27.8,temperature,environment,oxocard01
,,4,2026-09-20T10:03:29.614547797Z,2026-09-20T10:33:29.614547797Z,2026-09-20T10:28:43Z,27.8,temperature,environment,oxocard01
,,4,2026-09-20T10:03:29.614547797Z,2026-09-20T10:33:29.614547797Z,2026-09-20T10:28:48Z,27.8,temperature,environment,oxocard01
,,4,2026-09-20T10:03:29.614547797Z,2026-09-20T10:33:29.614547797Z,2026-09-20T10:28:53Z,27.8,temperature,environment,oxocard01
,,4,2026-09-20T10:03:29.614547797Z,2026-09-20T10:33:29.614547797Z,2026-09-20T10:28:58Z,27.9,temperature,environment,oxocard01
,,4,2026-09-20T10:03:29.614547797Z,2026-09-20T10:33:29.614547797Z,2026-09-20T10:29:03Z,28,temperature,environment,oxocard01
,,4,2026-09-20T10:03:29.614547797Z,2026-09-20T10:33:29.614547797Z,2026-09-20T10:29:08Z,27.9,temperature,environment,oxocard01
,,4,2026-09-20T10:03:29.614547797Z,2026-09-20T10:33:29.614547797Z,2026-09-20T10:29:13Z,28,temperature,environment,oxocard01
,,4,2026-09-20T10:03:29.614547797Z,2026-09-20T10:33:29.614547797Z,2026-09-20T10:29:18Z,28,temperature,environment,oxocard01
,,4,2026-09-20T10:03:29.614547797Z,2026-09-20T10:33:29.614547797Z,2026-09-20T10:29:23Z,28,temperature,environment,oxocard01
,,4,2026-09-20T10:03:29.614547797Z,2026-09-20T10:33:29.614547797Z,2026-09-20T10:29:28Z,28,temperature,environment,oxocard01
,,4,2026-09-20T10:03:29.614547797Z,2026-09-20T10:33:29.614547797Z,2026-09-20T10:29:33Z,28.1,temperature,environment,oxocard01
,,4,2026-09-20T10:03:29.614547797Z,2026-09-20T10:33:29.614547797Z,2026-09-20T10:29:38Z,28.1,temperature,environment,oxocard01
,,4,2026-09-20T10:03:29.614547797Z,2026-09-20T10:33:29.614547797Z,2026-09-20T10:29:43Z,28,temperature,environment,oxocard01
,,4,2026-09-20T10:03:29.614547797Z,2026-09-20T10:33:29.614547797Z,2026-09-20T10:29:48Z,28,temperature,environment,oxocard01
,,4,2026-09-20T10:03:29.614547797Z,2026-09-20T10:33:29.614547797Z,2026-09-20T10:29:54Z,28,temperature,environment,oxocard01
,,4,2026-09-20T10:03:29.614547797Z,2026-09-20T10:33:29.614547797Z,2026-09-20T10:29:58Z,27.9,temperature,environment,oxocard01
,,4,2026-09-20T10:03:29.614547797Z,2026-09-20T10:33:29.614547797Z,2026-09-20T10:30:03Z,27.9,temperature,environment,oxocard01
,,4,2026-09-20T10:03:29.614547797Z,2026-09-20T10:33:29.614547797Z,2026-09-20T10:30:08Z,27.9,temperature,environment,oxocard01
,,4,2026-09-20T10:03:29.614547797Z,2026-09-20T10:33:29.614547797Z,2026-09-20T10:30:13Z,27.9,temperature,environment,oxocard01
,,4,2026-09-20T10:03:29.614547797Z,2026-09-20T10:33:29.614547797Z,2026-09-20T10:30:18Z,27.9,temperature,environment,oxocard01
,,4,2026-09-20T10:03:29.614547797Z,2026-09-20T10:33:29.614547797Z,2026-09-20T10:30:23Z,27.9,temperature,environment,oxocard01
,,4,2026-09-20T10:03:29.614547797Z,2026-09-20T10:33:29.614547797Z,2026-09-20T10:30:29Z,27.9,temperature,environment,oxocard01
,,4,2026-09-20T10:03:29.614547797Z,2026-09-20T10:33:29.614547797Z,2026-09-20T10:30:34Z,27.9,temperature,environment,oxocard01
,,4,2026-09-20T10:03:29.614547797Z,2026-09-20T10:33:29.614547797Z,2026-09-20T10:30:38Z,27.9,temperature,environment,oxocard01
,,4,2026-09-20T10:03:29.614547797Z,2026-09-20T10:33:29.614547797Z,2026-09-20T10:30:44Z,28,temperature,environment,oxocard01
,,4,2026-09-20T10:03:29.614547797Z,2026-09-20T10:33:29.614547797Z,2026-09-20T10:30:49Z,28,temperature,environment,oxocard01
,,4,2026-09-20T10:03:29.614547797Z,2026-09-20T10:33:29.614547797Z,2026-09-20T10:30:54Z,28,temperature,environment,oxocard01
,,4,2026-09-20T10:03:29.614547797Z,2026-09-20T10:33:29.614547797Z,2026-09-20T10:30:59Z,28,temperature,environment,oxocard01
,,4,2026-09-20T10:03:29.614547797Z,2026-09-20T10:33:29.614547797Z,2026-09-20T10:31:04Z,27.9,temperature,environment,oxocard01
,,4,2026-09-20T10:03:29.614547797Z,2026-09-20T10:33:29.614547797Z,2026-09-20T10:31:09Z,28,temperature,environment,oxocard01
,,4,2026-09-20T10:03:29.614547797Z,2026-09-20T10:33:29.614547797Z,2026-09-20T10:31:14Z,28,temperature,environment,oxocard01
,,4,2026-09-20T10:03:29.614547797Z,2026-09-20T10:33:29.614547797Z,2026-09-20T10:31:19Z,27.9,temperature,environment,oxocard01
,,4,2026-09-20T10:03:29.614547797Z,2026-09-20T10:33:29.614547797Z,2026-09-20T10:31:24Z,27.9,temperature,environment,oxocard01
,,4,2026-09-20T10:03:29.614547797Z,2026-09-20T10:33:29.614547797Z,2026-09-20T10:31:29Z,27.9,temperature,environment,oxocard01
,,4,2026-09-20T10:03:29.614547797Z,2026-09-20T10:33:29.614547797Z,2026-09-20T10:31:34Z,27.8,temperature,environment,oxocard01
,,4,2026-09-20T10:03:29.614547797Z,2026-09-20T10:33:29.614547797Z,2026-09-20T10:31:39Z,27.8,temperature,environment,oxocard01
,,4,2026-09-20T10:03:29.614547797Z,2026-09-20T10:33:29.614547797Z,2026-09-20T10:31:44Z,27.8,temperature,environment,oxocard01
,,4,2026-09-20T10:03:29.614547797Z,2026-09-20T10:33:29.614547797Z,2026-09-20T10:31:49Z,27.8,temperature,environment,oxocard01
,,4,2026-09-20T10:03:29.614547797Z,2026-09-20T10:33:29.614547797Z,2026-09-20T10:31:54Z,27.8,temperature,environment,oxocard01
,,4,2026-09-20T10:03:29.614547797Z,2026-09-20T10:33:29.614547797Z,2026-09-20T10:31:59Z,27.8,temperature,environment,oxocard01
,,4,2026-09-20T10:03:29.614547797Z,2026-09-20T10:33:29.614547797Z,2026-09-20T10:32:04Z,27.8,temperature,environment,oxocard01
,,4,2026-09-20T10:03:29.614547797Z,2026-09-20T10:33:29.614547797Z,2026-09-20T10:32:09Z,27.8,temperature,environment,oxocard01
,,4,2026-09-20T10:03:29.614547797Z,2026-09-20T10:33:29.614547797Z,2026-09-20T10:32:14Z,27.9,temperature,environment,oxocard01
,,4,2026-09-20T10:03:29.614547797Z,2026-09-20T10:33:29.614547797Z,2026-09-20T10:32:19Z,27.9,temperature,environment,oxocard01
,,4,2026-09-20T10:03:29.614547797Z,2026-09-20T10:33:29.614547797Z,2026-09-20T10:32:24Z,27.9,temperature,environment,oxocard01
,,4,2026-09-20T10:03:29.614547797Z,2026-09-20T10:33:29.614547797Z,2026-09-20T10:32:29Z,27.9,temperature,environment,oxocard01
,,4,2026-09-20T10:03:29.614547797Z,2026-09-20T10:33:29.614547797Z,2026-09-20T10:32:34Z,27.9,temperature,environment,oxocard01
,,4,2026-09-20T10:03:29.614547797Z,2026-09-20T10:33:29.614547797Z,2026-09-20T10:32:39Z,27.9,temperature,environment,oxocard01
,,4,2026-09-20T10:03:29.614547797Z,2026-09-20T10:33:29.614547797Z,2026-09-20T10:32:44Z,27.9,temperature,environment,oxocard01
,,4,2026-09-20T10:03:29.614547797Z,2026-09-20T10:33:29.614547797Z,2026-09-20T10:32:49Z,27.9,temperature,environment,oxocard01
,,4,2026-09-20T10:03:29.614547797Z,2026-09-20T10:33:29.614547797Z,2026-09-20T10:32:54Z,28,temperature,environment,oxocard01
,,4,2026-09-20T10:03:29.614547797Z,2026-09-20T10:33:29.614547797Z,2026-09-20T10:32:59Z,28,temperature,environment,oxocard01
,,4,2026-09-20T10:03:29.614547797Z,2026-09-20T10:33:29.614547797Z,2026-09-20T10:33:04Z,28,temperature,environment,oxocard01
,,4,2026-09-20T10:03:29.614547797Z,2026-09-20T10:33:29.614547797Z,2026-09-20T10:33:09Z,28,temperature,environment,oxocard01
,,4,2026-09-20T10:03:29.614547797Z,2026-09-20T10:33:29.614547797Z,2026-09-20T10:33:14Z,27.9,temperature,environment,oxocard01
,,4,2026-09-20T10:03:29.614547797Z,2026-09-20T10:33:29.614547797Z,2026-09-20T10:33:19Z,27.9,temperature,environment,oxocard01
,,4,2026-09-20T10:03:29.614547797Z,2026-09-20T10:33:29.614547797Z,2026-09-20T10:33:24Z,27.8,temperature,environment,oxocard01
,,4,2026-09-20T10:03:29.614547797Z,2026-09-20T10:33:29.614547797Z,2026-09-20T10:33:29Z,27.8,temperature,environment,oxocard01
